site_id,latitude,longitude,igbp,bowen_ratio,bowen_std,bowen_median,mean_H,mean_LE,mean_netrad,mean_TA,n_valid_months,total_months,biome_group,ceres_sfc_net_sw_mean,ceres_sfc_net_sw_std,ceres_sfc_net_lw_mean,ceres_sfc_net_lw_std,ceres_toa_net_mean,ceres_toa_net_std,ceres_toa_sw_up_mean,ceres_toa_sw_up_std,ceres_toa_lw_up_mean,ceres_toa_lw_up_std,ceres_toa_net_clr_mean,ceres_toa_net_clr_std,ceres_toa_sw_clr_mean,ceres_toa_sw_clr_std,ceres_toa_lw_clr_mean,ceres_toa_lw_clr_std,ceres_toa_cre_sw_mean,ceres_toa_cre_sw_std,ceres_toa_cre_lw_mean,ceres_toa_cre_lw_std,ceres_toa_cre_net_mean,ceres_toa_cre_net_std,ceres_sfc_net_rad,ceres_atm_absorption,forcing_proxy_raw,forcing_proxy,cre_jja,cre_djf,era5_cape,era5_tcwv,era5_blh,era5_precip,source,eta
AU-Ctr,-16.10327911376953,145.4468536376953,EBF,0.0296289957059534,0.2626310229081076,0.2549536384537849,3.613913894125672,121.97220351277446,105.26626790792965,24.31318239401317,655,2922.0,Forest,207.0834045410156,38.33839416503906,-49.89607620239258,11.85241413116455,34.31906509399414,59.73390579223633,101.20484161376952,25.93929100036621,264.0528869628906,23.768848419189453,42.7403678894043,55.72087478637695,63.81960678100586,10.614526748657228,293.0116882324219,8.0868501663208,-37.38523483276367,21.00567054748535,28.95879364013672,18.323354721069336,-8.426443099975586,11.932184219360352,157.18732833862305,-122.8682632446289,0.0343311676755421,0.067509733505903,-14.55769157409668,-7.778697490692139,239.41744995117188,36.865684509277344,750.878662109375,1746.986755169928,FluxDataKit-v3,0.06908494605570574
NL-Ca1,51.97100067138672,4.927000045776367,GRA,0.0518034042097867,0.1911554718628618,0.2654909176950258,3.272807292811984,63.1774560520809,61.93140806385726,11.400308716422902,1359,1461.0,Grassland,106.37742614746094,63.93026351928711,-44.713077545166016,10.050348281860352,-53.12627410888672,85.42548370361328,105.54276275634766,46.5169677734375,226.38360595703125,15.373820304870604,-30.12005424499512,106.124755859375,57.38751220703125,25.454973220825195,251.5293884277344,12.816282272338867,-48.155250549316406,22.967533111572266,25.1457462310791,6.420715808868408,-23.009502410888672,23.489669799804688,61.66434860229492,-114.79062271118164,0.0528456787134147,0.1039171670651562,-46.75070190429688,1.6040863990783691,32.64817810058594,16.990398406982422,580.2312622070312,835.5652121827006,FluxDataKit-v3,0.3642043198434673
CH-Oe1,47.285831451416016,7.731939792633057,GRA,0.0676108759321267,0.3146659626820738,0.1831332547240553,3.391744660459956,50.16566659874166,64.52688221342844,9.8257913872426,2429,2557.0,Grassland,119.0386199951172,65.07304382324219,-48.76128387451172,13.542960166931152,-37.07939529418945,82.59040069580078,109.74242401123048,41.45561981201172,224.6952362060547,17.196975708007812,-11.91231632232666,99.22761535644533,58.16094207763672,22.428451538085938,251.11215209960932,14.122806549072266,-51.58147811889648,22.22884559631348,26.416898727416992,7.103936672210693,-25.16457939147949,20.8013973236084,70.27733612060547,-107.35673141479492,0.0525632812885869,0.1033618531570172,-40.2320671081543,-5.507087707519531,68.62864685058594,15.092972755432127,413.3434753417969,1341.1226158495992,FluxDataKit-v3,0.5016295226925322
US-Tw5,38.1072,-121.6426,WET,0.0718995846167919,0.2848422391644541,0.2291772063233477,6.620394444075135,92.07834063799255,127.71767457799554,15.038725778821012,722,730.0,Wetland,182.84825134277344,77.48599243164062,-82.94524383544922,24.26352310180664,-3.1284122467041016,77.3818588256836,81.81661987304688,17.62238121032715,257.1395874023437,28.415586471557617,-0.2977011203765869,79.12359619140625,61.39570999145508,17.496355056762695,274.7258605957031,18.82968521118164,-20.420907974243164,14.646413803100586,17.586288452148438,10.863920211791992,-2.8346197605133057,8.059957504272461,99.90300750732422,-103.03141975402832,0.051836164931363,0.1019320319529184,,,5.927083492279053,15.127497673034668,394.25390625,452.46768568176776,FluxDataKit-v3,0.03078487015374938
US-Tw4,38.10274505615234,-121.64132690429688,WET,0.0774454566949139,0.2458369784238073,0.1923908411515569,9.025944219169276,116.54581952722906,131.91119468482418,16.176690731837535,274,365.0,Wetland,182.84825134277344,77.48599243164062,-82.94524383544922,24.26352310180664,-3.1284122467041016,77.3818588256836,81.81661987304688,17.62238121032715,257.1395874023437,28.415586471557617,-0.2977011203765869,79.12359619140625,61.39570999145508,17.496355056762695,274.7258605957031,18.82968521118164,-20.420907974243164,14.646413803100586,17.586288452148438,10.863920211791992,-2.8346197605133057,8.059957504272461,99.90300750732422,-103.03141975402832,0.0684243990112817,0.1345515825796992,,,5.927083492279053,15.127497673034668,394.25390625,452.46768568176776,FluxDataKit-v3,0.02432193425737628
NL-Hor,52.24034881591797,5.071300029754639,GRA,0.0808454662390601,2.5453518692253723,0.5236906552472002,3.196889164047702,39.54320894871823,58.25907328241526,10.589220926362607,1185,1461.0,Grassland,112.0276870727539,70.7442626953125,-47.618202209472656,7.978149890899658,-49.73409652709961,92.6434097290039,97.2885971069336,41.55677032470703,226.5098876953125,14.822881698608398,-30.966806411743164,114.04207611083984,50.59428405761719,21.841672897338867,254.4369964599609,12.219365119934082,-46.69432067871094,22.274633407592773,27.92709732055664,6.446543216705322,-18.767221450805664,23.94787979125977,64.40948486328125,-114.14358139038086,0.054873670038494,0.1079050638708313,-43.13057708740234,6.01694917678833,31.818750381469727,16.8939151763916,590.0482788085938,855.0322253722697,FluxDataKit-v3,0.4746003662763943
US-xGR,35.689,-83.5019,DBF,0.0819311800393517,0.8393975159362824,0.1891028404696779,7.586206669172584,92.59242531999313,103.57035903603568,15.22331339060082,1582,1826.0,Forest,154.4473876953125,47.30974578857422,-54.87418746948242,11.539203643798828,-2.92310643196106,64.85482025146484,114.36569213867188,31.514707565307617,235.90000915527344,14.92116641998291,24.548524856567383,74.38086700439453,60.08147811889648,18.34078025817871,262.7089233398437,12.9686861038208,-54.28422164916992,16.696964263916016,26.80890464782715,6.771830081939697,-27.47531509399414,13.42038345336914,99.57320022583008,-102.49630665779114,0.0732468897450966,0.1440346583477998,,,114.77395629882812,19.77532196044922,458.0364685058594,1313.4101941250265,FluxDataKit-v3,0.296733939078076
DE-RuR,50.621914,6.304126,GRA,0.086451903455954,0.2112737675373578,0.2529669587630992,5.445422062242388,62.98787932433146,62.44278638782497,9.00231379033882,3462,3653.0,Grassland,105.4496841430664,62.94062423706055,-45.91009140014648,13.09827995300293,-50.64426040649414,84.08414459228516,109.88105010986328,46.187767028808594,224.26144409179688,15.726914405822754,-22.20329666137696,104.57880401611328,55.99906539916992,24.33111572265625,249.70497131347656,13.317113876342772,-53.88199234008789,24.1141414642334,25.443511962890625,6.441130638122559,-28.438480377197266,23.77479553222656,59.53959274291992,-110.18385314941406,0.0872065834541959,0.1714853763377011,-51.73392105102539,-3.528733968734741,37.72630310058594,14.277469635009766,559.7564086914062,1132.1504088118672,FluxDataKit-v3,0.4514913136028033
US-Twt,38.108699798583984,-121.6530990600586,CRO,0.0889721378060355,0.9184680708555616,0.3108662218373287,10.404906263042212,116.9456699548517,97.42496252734608,14.849827609225771,1759,1826.0,Cropland,182.84825134277344,77.48599243164062,-82.94524383544922,24.26352310180664,-3.1284122467041016,77.3818588256836,81.81661987304688,17.62238121032715,257.1395874023437,28.415586471557617,-0.2977011203765869,79.12359619140625,61.39570999145508,17.496355056762695,274.7258605957031,18.82968521118164,-20.420907974243164,14.646413803100586,17.586288452148438,10.863920211791992,-2.8346197605133057,8.059957504272461,99.90300750732422,-103.03141975402832,0.1067991815765048,0.2100127893993788,,,5.927083492279053,15.127497673034668,394.25390625,452.46768568176776,FluxDataKit-v3,0.024238774822596214
AT-Neu,47.11666870117188,11.317500114440918,GRA,0.0913362596848341,0.257097561575483,0.259226275738855,6.078871602878071,66.55485591214148,67.78873284545375,9.963554883572789,3042,4018.0,Grassland,111.98949432373048,60.05631637573242,-49.98347091674805,10.53182888031006,-38.81318664550781,77.9231948852539,117.56187438964844,46.92106246948242,218.6054534912109,16.41773223876953,-11.80869960784912,101.75971221923828,64.17923736572266,21.633975982666016,244.9864501953125,15.867582321166992,-53.38264083862305,29.404380798339844,26.380998611450195,6.211806297302246,-27.00164222717285,27.72736549377441,62.00602340698242,-100.81921005249023,0.089673775385901,0.1763369290547962,-50.89997100830078,2.7901344299316406,34.48125076293945,7.904238700866699,339.9205322265625,1685.2991608902812,FluxDataKit-v3,0.4057050662511763
DE-RuS,50.865906,6.4471445,CRO,0.1012156539374286,1.2473366898871252,0.2925780382694226,6.778770449349617,66.97353804126227,62.286516060737945,11.617416090890442,3610,3653.0,Cropland,105.4496841430664,62.94062423706055,-45.91009140014648,13.09827995300293,-50.64426040649414,84.08414459228516,109.88105010986328,46.187767028808594,224.26144409179688,15.726914405822754,-22.20329666137696,104.57880401611328,55.99906539916992,24.33111572265625,249.70497131347656,13.317113876342772,-53.88199234008789,24.1141414642334,25.443511962890625,6.441130638122559,-28.438480377197266,23.77479553222656,59.53959274291992,-110.18385314941406,0.1088320695724798,0.2140103151506919,-51.73392105102539,-3.528733968734741,31.720312118530277,15.999109268188477,582.8034057617188,855.9763885568827,FluxDataKit-v3,0.42462263767036423
AU-Cow,-16.238189697265625,145.42715454101562,EBF,0.1063258328200182,0.2662320875484512,0.3115201111594951,10.862603926846369,102.16335615479176,91.46883369580578,23.66173728700597,1648,2191.0,Forest,207.0834045410156,38.33839416503906,-49.89607620239258,11.85241413116455,34.31906509399414,59.73390579223633,101.20484161376952,25.93929100036621,264.0528869628906,23.768848419189453,42.7403678894043,55.72087478637695,63.81960678100586,10.614526748657228,293.0116882324219,8.0868501663208,-37.38523483276367,21.00567054748535,28.95879364013672,18.323354721069336,-8.426443099975586,11.932184219360352,157.18732833862305,-122.8682632446289,0.1187574334113813,0.2335278181394038,-14.55769157409668,-7.778697490692139,247.2096405029297,35.56571578979492,686.1666870117188,1920.3636702150104,FluxDataKit-v3,0.08248009283493338
FR-Lq1,45.64305877685547,2.735830068588257,GRA,0.110273765317003,0.1824158748716658,0.2173265602273888,4.994974646065947,45.29612851893592,53.26777787855733,9.596883812404837,168,1096.0,Grassland,126.06787109375,63.79856872558594,-53.30911636352539,12.410428047180176,-33.476444244384766,80.33446502685547,111.19126892089844,39.99715042114258,228.635498046875,16.264257431030273,-6.021552562713623,97.85199737548828,60.03971481323242,20.26116180419922,252.3344116210937,13.335200309753418,-51.15155029296875,22.437862396240234,23.69890594482422,6.592747211456299,-27.4526481628418,21.61441421508789,72.75875473022461,-106.23519897460938,0.0937710346666563,0.1843938901451536,-42.536865234375,-6.757728099822998,43.87239456176758,13.598342895507812,553.6394653320312,1028.7615656852722,FluxDataKit-v3,0.6060705199422352
DE-Seh,50.87062454223633,6.449649810791016,CRO,0.1173962898103124,0.7138653493485105,0.3448242358579995,5.97081885035302,50.860370970842425,43.79443933750138,10.673922395706198,1040,1096.0,Cropland,105.4496841430664,62.94062423706055,-45.91009140014648,13.09827995300293,-50.64426040649414,84.08414459228516,109.88105010986328,46.187767028808594,224.26144409179688,15.726914405822754,-22.20329666137696,104.57880401611328,55.99906539916992,24.33111572265625,249.70497131347656,13.317113876342772,-53.88199234008789,24.1141414642334,25.443511962890625,6.441130638122559,-28.438480377197266,23.77479553222656,59.53959274291992,-110.18385314941406,0.1363373738921274,0.2680974869639894,-51.73392105102539,-3.528733968734741,31.720312118530277,15.999109268188477,582.8034057617188,855.9763885568827,FluxDataKit-v3,0.5591481114736789
US-EML,63.8784,-149.2536,OSH,0.1242504426180772,1.019809807452371,0.6544980964336469,3.696566585818327,29.75093293776736,80.5672334913259,3.72610558495186,3365,4749.0,Shrubland,68.86837768554688,61.48173522949219,-45.02685928344727,8.899128913879395,-85.02083587646484,84.48802947998047,103.31546783447266,69.07129669189453,203.81570434570312,15.9290132522583,-67.78988647460938,112.49853515625,65.02803802490234,46.15963745117188,224.8694610595703,19.14775657653809,-38.28742218017578,34.66878128051758,21.053741455078125,6.631033897399902,-17.23368263244629,30.83333969116211,23.84151840209961,-108.86235427856444,0.0458817614262044,0.0902231324007995,,,6.528385639190674,8.697744369506836,391.4587097167969,598.307711770758,FluxDataKit-v3,0.5792652845036993
DE-Hte,54.210278,12.176111,WET,0.1309083421588329,0.369535134305239,0.3407768822443486,6.061844657395353,46.30602265240231,58.63174611977048,10.19284769442437,3437,3652.0,Wetland,112.7300796508789,78.40424346923828,-50.66762924194336,9.690053939819336,-49.85811233520508,100.01268768310548,88.45252227783203,37.909271240234375,225.9293365478516,16.09178352355957,-29.724729537963867,123.94703674316406,40.8603630065918,16.57490348815918,253.38894653320312,13.14280128479004,-47.59215927124024,24.548734664916992,27.459585189819336,7.025197505950928,-20.13257598876953,27.24174118041992,62.06245040893555,-111.92056274414062,0.1033884381511079,0.203305811591875,-47.77332305908203,7.166369915008545,26.674999237060547,15.796935081481934,590.6270751953125,798.6399333458394,FluxDataKit-v3,0.4347723003527074
CH-Aws,46.583306,9.790417,GRA,0.1365133691755724,0.2949688465327373,0.2470432325946087,10.05450779651019,73.65218408446793,98.5364300732926,8.708436483129162,1399,5479.0,Grassland,110.9582748413086,60.33107376098633,-57.30934143066406,10.85959815979004,-41.47169876098633,76.51124572753906,123.88502502441406,48.571537017822266,219.466552734375,15.690597534179688,-14.880210876464844,100.9196548461914,71.32032012939453,25.279998779296875,245.4428253173828,14.591052055358888,-52.564701080322266,29.32349395751953,25.97627639770508,5.939658164978027,-26.588424682617188,27.2641658782959,53.64893341064453,-95.12063217163086,0.1020384825087688,0.200651222429036,-53.09803009033203,4.160852432250977,32.86901092529297,7.216816425323486,338.0380249023437,1439.9326499551537,FluxDataKit-v3,0.3609998130147
US-Bi1,38.0992,-121.4993,CRO,0.1401046014309788,0.50907147778234,0.3862159370572715,14.102464090109647,100.65668040929472,102.4907555988784,14.350822741364803,2190,2192.0,Cropland,182.84825134277344,77.48599243164062,-82.94524383544922,24.26352310180664,-3.1284122467041016,77.3818588256836,81.81661987304688,17.62238121032715,257.1395874023437,28.415586471557617,-0.2977011203765869,79.12359619140625,61.39570999145508,17.496355056762695,274.7258605957031,18.82968521118164,-20.420907974243164,14.646413803100586,17.586288452148438,10.863920211791992,-2.8346197605133057,8.059957504272461,99.90300750732422,-103.03141975402832,0.1375974253258796,0.2705752860677158,,,5.843489646911621,15.492157936096191,406.3092346191406,453.3437348436564,FluxDataKit-v3,0.02816126807467768
US-Myb,38.0499,-121.765,WET,0.1463802900681943,0.4575336365124191,0.3065866274434108,12.509265656460824,85.45730884009808,112.11685397745298,15.544225232468122,4324,4383.0,Wetland,182.84825134277344,77.48599243164062,-82.94524383544922,24.26352310180664,-3.1284122467041016,77.3818588256836,81.81661987304688,17.62238121032715,257.1395874023437,28.415586471557617,-0.2977011203765869,79.12359619140625,61.39570999145508,17.496355056762695,274.7258605957031,18.82968521118164,-20.420907974243164,14.646413803100586,17.586288452148438,10.863920211791992,-2.8346197605133057,8.059957504272461,99.90300750732422,-103.03141975402832,0.1115734629779789,0.2194010650368931,,,5.927083492279053,15.127497673034668,394.25390625,452.46768568176776,FluxDataKit-v3,0.03317000966900624
IE-Dri,51.98669052124024,-8.751810073852539,GRA,0.1474855815311797,0.3486661523715184,0.3854391851863009,7.394861188410852,50.13955338303708,58.06122102573372,9.909271979696705,937,1096.0,Grassland,112.09319305419922,66.9663314819336,-48.46720504760742,6.257774829864502,-50.74788665771485,90.09327697753906,102.01253509521484,43.88861083984375,227.5331115722656,12.1276273727417,-16.717174530029297,127.66307067871094,37.10025405883789,10.831092834472656,258.4188232421875,6.528341293334961,-64.91227722167969,33.78022384643555,30.885725021362305,7.663321495056152,-34.02654266357422,38.95957946777344,63.6259880065918,-114.37387466430664,0.1273631704220158,0.2504503713627744,,,12.995312690734863,15.880094528198242,679.8991088867188,984.307456528768,FluxDataKit-v3,0.6786367322347525
US-Sne,38.0369,-121.7547,GRA,0.1548153259005049,0.2645545818200773,0.2324047961148525,17.629118577564775,113.87192111002288,112.08643829882595,15.09882206437843,1417,1827.0,Grassland,182.84825134277344,77.48599243164062,-82.94524383544922,24.26352310180664,-3.1284122467041016,77.3818588256836,81.81661987304688,17.62238121032715,257.1395874023437,28.415586471557617,-0.2977011203765869,79.12359619140625,61.39570999145508,17.496355056762695,274.7258605957031,18.82968521118164,-20.420907974243164,14.646413803100586,17.586288452148438,10.863920211791992,-2.8346197605133057,8.059957504272461,99.90300750732422,-103.03141975402832,0.1572814592481294,0.3092825009510284,,,5.927083492279053,15.127497673034668,394.25390625,452.46768568176776,FluxDataKit-v3,0.02489305293949068
FR-Lq2,45.639190673828125,2.737030029296875,GRA,0.1661785779492489,0.2380058322039875,0.2727703661340553,7.526746707585039,45.293122618269805,50.987355527646656,7.52526335345059,167,1096.0,Grassland,126.06787109375,63.79856872558594,-53.30911636352539,12.410428047180176,-33.476444244384766,80.33446502685547,111.19126892089844,39.99715042114258,228.635498046875,16.264257431030273,-6.021552562713623,97.85199737548828,60.03971481323242,20.26116180419922,252.3344116210937,13.335200309753418,-51.15155029296875,22.437862396240234,23.69890594482422,6.592747211456299,-27.4526481628418,21.61441421508789,72.75875473022461,-106.23519897460938,0.1476198682927151,0.2902836880703427,-42.536865234375,-6.757728099822998,43.87239456176758,13.598342895507812,553.6394653320312,1028.7615656852722,FluxDataKit-v3,0.6061107421144833
US-OWC,41.3795,-82.5125,WET,0.1707264151626734,0.2812967349160398,0.2132243784702311,15.104065300176682,88.46941046460245,51.00572818715721,12.608902324479978,731,731.0,Wetland,137.96498107910156,70.03680419921875,-50.42030334472656,11.597549438476562,-16.10087013244629,83.10013580322266,110.8703842163086,26.21641540527344,228.84439086914065,20.719688415527344,0.5897711515426636,98.6706771850586,63.218788146972656,20.851377487182617,259.8092041015625,19.849973678588867,-47.65157699584961,23.509506225585938,30.96481132507324,6.1359710693359375,-16.686767578125,22.56950569152832,87.544677734375,-103.64554786682127,0.2961248831651765,0.5823079522340209,,,112.8523406982422,18.22453498840332,583.8980712890625,1287.7762061543765,FluxDataKit-v3,0.188616240240479
US-Tw3,38.1152,-121.6469,CRO,0.1787547235626805,0.583236201114501,0.2733224132791645,17.979682529396513,100.58297857002876,97.3899439506652,15.971728018679924,2188,2191.0,Cropland,182.84825134277344,77.48599243164062,-82.94524383544922,24.26352310180664,-3.1284122467041016,77.3818588256836,81.81661987304688,17.62238121032715,257.1395874023437,28.415586471557617,-0.2977011203765869,79.12359619140625,61.39570999145508,17.496355056762695,274.7258605957031,18.82968521118164,-20.420907974243164,14.646413803100586,17.586288452148438,10.863920211791992,-2.8346197605133057,8.059957504272461,99.90300750732422,-103.03141975402832,0.1846153904606873,0.363032680067222,,,5.927083492279053,15.127497673034668,394.25390625,452.46768568176776,FluxDataKit-v3,0.02818190314914727
PE-QFR,-3.8344,-73.319,WET,0.1813388942714955,0.0537242723462615,0.1773682566527909,14.441387913645016,79.63756463643021,110.89217855333634,25.68719262075209,730,730.0,Wetland,161.67269897460938,14.609943389892578,-26.04065704345703,6.662141799926758,50.98454666137695,26.56437873840332,140.68075561523438,18.48719787597656,223.26519775390625,15.213425636291504,70.62203216552734,20.79781913757324,69.37781524658203,5.878100395202637,274.9308776855469,3.479572057723999,-71.30294036865234,16.745588302612305,51.66568756103516,14.173831939697266,-19.63725852966309,13.311297416687012,135.63204193115234,-84.64749526977539,0.1302290937200685,0.2560860001863677,,,1137.5445556640625,52.84786224365234,294.7330627441406,2768.6326787807047,FluxDataKit-v3,0.2465828609816632
UK-Gri,56.60721969604492,-3.798059940338135,ENF,0.1834848908763298,0.426772428769387,0.4839552435128704,9.249084648237048,50.40788156486956,88.80050922032667,8.16589233969683,463,731.0,Forest,91.693115234375,61.74956893920898,-40.708152770996094,7.387171745300293,-68.21994018554688,86.56008911132812,104.1426239013672,56.96503829956055,219.0006866455078,12.132390022277832,-46.227684020996094,120.11643981933594,53.97150802612305,26.309282302856445,247.1808319091797,12.32399082183838,-50.17111587524414,35.625545501708984,28.180160522460938,6.093152046203613,-21.990951538085938,35.96391296386719,50.984962463378906,-119.20490264892578,0.1041557613739438,0.2048146966602803,,,10.804166793823242,13.722403526306152,613.6919555664062,1183.6925405077636,FluxDataKit-v3,0.4362601810549394
DE-Gri,50.95004,13.51259,GRA,0.1853076934112713,0.421030538342376,0.3220496845984628,11.504599401982214,62.083765601943696,76.89392237637121,11.142500428852903,4897,6210.0,Grassland,102.85603332519533,62.44528579711914,-46.6266975402832,13.438018798828123,-48.97403335571289,84.27885437011719,109.96884155273438,45.16421508789063,222.50271606445312,16.614200592041016,-22.394086837768555,105.04784393310548,57.66546249389648,22.96205711364746,248.2275238037109,15.234984397888184,-52.30338287353516,24.62090301513672,25.72480201721192,6.153929233551025,-26.578577041625977,23.85729217529297,56.22933578491211,-105.203369140625,0.1496164982411857,0.2942099150197158,-48.77754592895508,0.2895413935184479,33.67239761352539,15.210318565368652,560.198974609375,913.2214018609376,FluxDataKit-v3,0.4281083272563909
CH-Cha,47.21022033691406,8.410440444946289,GRA,0.1877976241682263,0.3274405261915891,0.2413304045464113,13.81562161322056,73.5665409741538,73.20729776342174,10.00889450303161,5702,5844.0,Grassland,116.88953399658205,64.55703735351562,-43.50324249267578,12.552042007446287,-36.239627838134766,82.40050506591797,111.770751953125,41.7161865234375,221.8351593017578,17.2353515625,-12.37327480316162,101.07803344726562,60.92616653442383,19.887619018554688,248.8071746826172,16.11693572998047,-50.84458160400391,24.537403106689453,26.97201919555664,6.567048072814941,-23.87256050109864,22.47587203979492,73.38629150390625,-109.62591934204102,0.1887191855908603,0.3711024934280467,-42.70117950439453,-0.4417907893657684,57.03567886352539,15.136221885681152,369.7721252441406,1438.7114415876567,FluxDataKit-v3,0.3245029626917733
GF-Guy,5.2787,-52.9248,EBF,0.1927416381507415,0.1439435957529075,0.2430691562583951,19.14443612535648,99.32693479747115,142.29650081430682,25.669375457804644,6210,6210.0,Forest,215.36398315429688,26.61136054992676,-44.05428695678711,6.362469673156738,66.0767593383789,18.06853675842285,95.72453308105467,24.25078582763672,252.4303741455078,17.451873779296875,87.08422088623047,14.8052978515625,43.10858917236328,2.312460422515869,284.0399780273437,4.773712158203125,-52.61595153808594,23.2939453125,31.609580993652344,13.934454917907717,-21.006366729736328,12.436775207519531,171.30969619750977,-105.23293685913086,0.1345390506147404,0.2645612155979458,,,509.4145812988281,48.34391403198242,544.4730224609375,2428.746339865029,FluxDataKit-v3,0.21148711346593518
CH-Fru,47.1158332824707,8.537779808044434,GRA,0.1928952469514047,0.2867381522978619,0.3111695442699461,15.379479936102197,79.72969878297043,74.69514498534305,9.8803778081371,2935,5844.0,Grassland,116.88953399658205,64.55703735351562,-43.50324249267578,12.552042007446287,-36.239627838134766,82.40050506591797,111.770751953125,41.7161865234375,221.8351593017578,17.2353515625,-12.37327480316162,101.07803344726562,60.92616653442383,19.887619018554688,248.8071746826172,16.11693572998047,-50.84458160400391,24.537403106689453,26.97201919555664,6.567048072814941,-23.87256050109864,22.47587203979492,73.38629150390625,-109.62591934204102,0.2058966474878656,0.4048807175168469,-42.70117950439453,-0.4417907893657684,49.19348907470703,12.870945930480955,305.8415222167969,1893.010982312262,FluxDataKit-v3,0.2994186716556066
AU-Wrr,-43.09502029418945,146.6544952392578,EBF,0.2003295935826412,0.488139448077289,0.4937945795951454,14.628144117618442,73.02038533604843,104.63858888941482,11.439237111823044,615,731.0,Forest,137.74375915527344,70.11971282958984,-47.13810348510742,5.498227596282959,-26.16175079345703,91.82258605957033,107.277099609375,41.01045227050781,231.0365295410156,9.209199905395508,12.705981254577637,125.9263687133789,37.37354278564453,9.176688194274902,262.0706481933594,4.273600101470947,-69.90355682373047,32.373435974121094,31.034122467041016,6.271326541900635,-38.86942672729492,35.4766960144043,90.60565567016602,-116.76740646362305,0.13979684046655,0.2749002752850586,2.714560985565185,-78.40242767333984,13.772916793823242,13.191943168640137,717.3351440429688,1094.4318969268352,FluxDataKit-v3,0.5323092523877165
DE-Hzd,50.96381,13.48978,DBF,0.2023332548077805,0.7207872811051267,0.3636146558692619,11.82049366131932,58.42091391525804,71.98826494679935,10.294657952394736,3620,4018.0,Forest,102.85603332519533,62.44528579711914,-46.6266975402832,13.438018798828123,-48.97403335571289,84.27885437011719,109.96884155273438,45.16421508789063,222.50271606445312,16.614200592041016,-22.394086837768555,105.04784393310548,57.66546249389648,22.96205711364746,248.2275238037109,15.234984397888184,-52.30338287353516,24.62090301513672,25.72480201721192,6.153929233551025,-26.578577041625977,23.85729217529297,56.22933578491211,-105.203369140625,0.1642002855611936,0.3228878675084074,-48.77754592895508,0.2895413935184479,33.67239761352539,15.210318565368652,560.198974609375,913.2214018609376,FluxDataKit-v3,0.45494969627108717
US-CS2,44.1467,-89.5002,ENF,0.2048718319583794,0.2307028667161994,0.2564186252940568,24.498931774465785,119.58174796544428,127.07738345843195,19.16527730281848,316,1461.0,Forest,126.19725799560548,64.12984466552734,-48.02689743041992,10.78251838684082,-27.950138092041016,78.52535247802734,113.8752899169922,35.47268295288086,224.8440093994141,20.15651130676269,-5.156849384307861,93.4281768798828,67.38082885742188,19.701902389526367,248.5439453125,22.30087661743164,-46.49446868896485,22.53024673461914,23.69991683959961,6.093850612640381,-22.79454803466797,18.84075736999512,78.17036056518555,-106.12049865722656,0.1927875055948062,0.3791025475444345,,,81.23072814941406,15.556172370910645,612.677734375,888.9884466771036,FluxDataKit-v3,0.1906189566760217
IT-MBo,46.01468,11.045831,GRA,0.2075681491238881,0.4405587934955468,0.3655321814921785,12.346390820847876,59.48114329178158,68.76251400599874,7.277677465322886,5142,6575.0,Grassland,116.6610336303711,60.78206253051758,-56.67610168457031,12.226866722106934,-35.753292083740234,77.38176727294922,118.43976593017578,47.523807525634766,219.19419860839844,15.352392196655272,-9.121082305908203,100.78799438476562,68.26832580566406,24.28925323486328,242.73570251464844,15.454423904418944,-50.17143630981445,28.99017333984375,23.54149627685547,5.41655158996582,-26.629941940307617,26.6551456451416,59.98493194580078,-95.73822402954102,0.179551184236382,0.3530742884432357,-50.61478042602539,3.007741928100586,93.01848602294922,12.983722686767578,335.31573486328125,1393.8874006271362,FluxDataKit-v3,0.4477039355090378
US-CF4,46.7518,-117.1285,CRO,0.207937433744233,2.291904250477106,0.6157308251072191,11.105427892257714,53.40754520380203,66.59091544357415,9.856019541635398,1613,1826.0,Cropland,138.2794647216797,80.25218963623047,-61.290489196777344,22.125139236450195,-22.437713623046875,85.54039001464844,98.62013244628906,30.384706497192383,225.70477294921875,27.576107025146484,-10.023592948913574,97.2272491455078,59.26763916015625,18.90535926818848,252.64572143554688,20.79873847961425,-39.352500915527344,19.04315948486328,26.9409408569336,8.945205688476562,-12.411561012268066,16.981773376464844,76.98897552490234,-99.42668914794922,0.1667709148955596,0.3279428223222264,,,8.719531059265137,12.10112190246582,539.0621337890625,616.179293137975,FluxDataKit-v3,0.23239339993826377
US-Ro6,44.6946,-93.0578,CRO,0.2084539196434201,0.6510316434562181,0.3696295451102732,15.72902067911648,75.45562446617667,75.6292323660595,9.49916506939674,1595,1826.0,Cropland,125.47517395019533,67.41458892822266,-50.87247467041016,12.046003341674805,-30.28612327575684,81.00703430175781,114.14099884033205,34.127872467041016,226.9146728515625,20.89365005493164,-12.554998397827148,95.54048919677734,72.80475616455078,21.59616470336914,250.521224975586,23.604984283447266,-41.336238861083984,24.644102096557617,23.606557846069336,7.2905049324035645,-17.729679107666016,20.066858291625977,74.60269927978516,-104.888822555542,0.2079754109229233,0.4089684539681338,,,117.87004852294922,15.982901573181152,592.1942749023438,879.2882959824055,FluxDataKit-v3,0.23496829074171172
ID-Pag,-2.319999933242798,113.9000015258789,EBF,0.2133543254556213,0.0823743035489412,0.2043611075603824,20.87444324424693,97.83932526171778,146.69246133389893,26.55238709558637,730,730.0,Forest,179.72264099121094,10.279353141784668,-26.02688789367676,5.075484752655029,74.65655517578125,25.792150497436523,125.74266815185548,18.036767959594727,214.9170684814453,24.282060623168945,67.74700164794922,20.341711044311523,70.4338150024414,6.288796424865723,277.13726806640625,4.9667744636535645,-55.30884552001953,16.148096084594727,62.220211029052734,21.655641555786133,6.91136360168457,11.560819625854492,153.69575309753418,-79.03919792175293,0.1423007225758716,0.2798239765563941,-1.3310428857803345,11.554370880126951,735.366943359375,54.19819259643555,372.7489318847656,2743.548362050205,FluxDataKit-v3,0.07063993525299611
BR-Npw,-16.498,-56.412,WSA,0.2148710149163953,0.1697113087769582,0.1894812345173706,20.16096310542312,93.82821183800704,142.06946738708714,24.926256542705104,1821,1826.0,Savanna,186.2606506347656,21.659543991088867,-49.6212272644043,13.664475440979004,42.31299209594727,58.99281692504883,110.6830062866211,32.62787628173828,246.57167053222656,28.80488967895508,45.91551208496094,57.99664688110352,67.04764556884766,11.298065185546877,286.6047668457031,7.2824625968933105,-43.63536071777344,23.22378730773925,40.033084869384766,22.78705596923828,-3.6022708415985107,9.179677963256836,136.63942337036133,-94.32643127441406,0.1419091904560456,0.2790540572423102,,,623.1184692382812,42.37110900878906,500.3117065429688,1281.2581658363342,FluxDataKit-v3,0.038392193254388945
US-DFC,43.3448,-89.7117,CRO,0.2210249613576258,0.7692766311450566,0.4563417218372273,13.646179657087442,61.74044584497162,77.07887623292588,10.741393599162882,1382,1461.0,Cropland,127.3691635131836,63.41481399536133,-50.27767562866211,11.183697700500488,-26.76405143737793,77.96438598632812,115.24728393554688,34.30070877075195,226.6331024169922,20.136091232299805,-5.606924533843994,93.10519409179688,69.04176330566406,19.355676651000977,251.68121337890625,22.4736328125,-46.20550537109375,23.80349349975586,25.048095703125,6.900018692016602,-21.15740966796875,19.436824798583984,77.09148788452148,-103.8555393218994,0.1770417567564145,0.3481396826055879,,,101.95755004882812,16.372087478637695,598.8087158203125,924.2849377915264,FluxDataKit-v3,0.3426831370977521
BR-Sa1,-2.86,-54.96,EBF,0.2341809388535176,0.0791463191870294,0.2294290730757664,20.40049541895113,87.1142438783706,109.87874757374244,26.703654843284127,176,250.0,Forest,188.0211639404297,20.026853561401367,-40.97526931762695,5.598940849304199,60.06481170654297,17.95498275756836,115.0309600830078,25.60542869567871,240.2150115966797,24.12545585632324,71.27600860595703,17.55318832397461,62.72674179077149,12.44827938079834,281.3119201660156,8.469367980957031,-52.30421447753906,19.90599250793457,41.09690475463867,17.147890090942383,-11.207307815551758,10.931896209716797,147.0458946228027,-86.98108291625977,0.1856637053972592,0.3650941148155847,,,701.2781372070312,51.08300018310547,514.25,3154.629534110427,FluxDataKit-v3,0.128650692660542
US-Bkg,44.34529113769531,-96.83616638183594,GRA,0.2369681961581385,0.6707293958486266,0.443417068534149,18.21550921571857,76.86900398888388,79.85369519985609,7.88338697860983,696,730.0,Grassland,126.7910614013672,70.34003448486328,-53.87005615234375,12.522174835205078,-30.05599403381348,82.94279479980469,113.61906433105467,33.903045654296875,227.2030792236328,21.17839813232422,-14.420552253723145,98.07844543457033,75.13088989257812,21.43497085571289,250.0613250732422,23.52082061767578,-38.488189697265625,24.290298461914062,22.858259201049805,6.578494071960449,-15.629925727844238,20.017269134521484,72.92100524902344,-102.97699928283691,0.2281110369423629,0.4485636917239213,,,169.81979370117188,15.065888404846191,551.8004150390625,740.1084445882589,FluxDataKit-v3,0.20333196629039843
BR-Sa3,-3.01802921295166,-54.971435546875,EBF,0.2412941167064939,0.0897989011362298,0.2333497468406684,26.77836216947697,110.97809816080066,128.4665507256626,25.89055054314788,1095,1095.0,Forest,174.39382934570312,18.77094459533692,-23.60812759399414,5.055484771728516,50.12250518798828,19.198028564453125,127.36465454101562,27.858747482299805,237.4436798095703,23.92244338989257,68.42247772216797,22.75052261352539,67.62448120117188,5.30297327041626,278.8807067871094,6.602396488189697,-59.74016189575195,24.16560745239257,41.4370002746582,18.28158569335937,-18.30315971374512,11.17920970916748,150.78570175170898,-100.6631965637207,0.2084461832143494,0.4098941932915528,,,716.109619140625,50.83900833129883,472.7760314941406,2647.024120669812,FluxDataKit-v3,0.16492587291615804
US-xHE,63.8757,-149.2133,OSH,0.2489759482788036,0.5314856481178218,0.6373423223777671,11.964828612341648,48.05616243278011,50.7688582424706,3.2766734183619928,1316,1826.0,Shrubland,68.86837768554688,61.48173522949219,-45.02685928344727,8.899128913879395,-85.02083587646484,84.48802947998047,103.31546783447266,69.07129669189453,203.81570434570312,15.9290132522583,-67.78988647460938,112.49853515625,65.02803802490234,46.15963745117188,224.8694610595703,19.14775657653809,-38.28742218017578,34.66878128051758,21.053741455078125,6.631033897399902,-17.23368263244629,30.83333969116211,23.84151840209961,-108.86235427856444,0.2356725958893535,0.4634329450573632,,,6.528385639190674,8.697744369506836,391.4587097167969,598.307711770758,FluxDataKit-v3,0.35861545658275107
US-xSE,38.8901,-76.56,DBF,0.2570485666902782,1.1602752279291535,0.2836447100714523,24.65754760531929,95.9256374108849,91.29535528317562,14.569971037114469,1797,1826.0,Forest,155.78639221191406,58.45304107666016,-52.91657257080078,10.121841430664062,-0.4351626336574554,75.53863525390625,100.81327056884766,28.024452209472656,235.44845581054688,17.23365592956543,14.01579475402832,83.69477081298828,56.88201904296875,15.858546257019045,264.9288024902344,16.03438949584961,-43.93125534057617,16.53582763671875,29.480342864990234,6.8074164390563965,-14.45091152191162,14.568278312683104,102.86981964111328,-103.30498227477074,0.2700854553754425,0.5311033195415096,,,159.21665954589844,22.024927139282227,568.3151245117188,1241.0449725575745,FluxDataKit-v3,0.15064702108793954
US-A32,36.8193,-97.8198,GRA,0.2578193975943028,0.7208616679164447,0.3354680861197647,21.874676562057253,84.8449603333517,97.1966097764616,16.045205954659252,1082,1096.0,Grassland,159.91854858398438,57.08463287353516,-63.90979766845703,10.77980136871338,-5.318638324737549,72.35221862792969,104.77720642089844,26.74736785888672,244.1259613037109,18.18495750427246,7.217226028442383,75.01266479492188,68.23501586914062,15.355588912963867,268.1282958984375,18.5883903503418,-36.542179107666016,16.57538414001465,24.00235939025879,8.181819915771484,-12.53981876373291,12.32979965209961,96.00875091552734,-101.32738924026488,0.2250559624699452,0.4425561109325304,,,264.6078186035156,21.076753616333008,629.5657348632812,791.696977103129,FluxDataKit-v3,0.14779686046719306
ES-ES2,39.27555847167969,-0.3152799904346466,CRO,0.2748957823517998,1.0762812743569292,0.3044467044943937,35.041933393615814,127.4735213971768,119.82529850471305,19.240874215798808,516,730.0,Cropland,172.24607849121094,69.67493438720703,-68.95846557617188,11.332160949707031,-1.7369686365127563,81.21930694580078,86.12239074707031,24.170839309692383,247.44061279296875,19.22943115234375,2.1309871673583984,84.3254623413086,57.77009201049805,17.57723617553711,271.9228210449219,15.251070022583008,-28.352294921875,14.959906578063965,24.48219490051269,8.038111686706543,-3.8700997829437256,11.250163078308104,103.28761291503906,-105.02458155155182,0.2924418618680722,0.5750655598804043,,,207.7833404541016,21.17292022705078,469.9670715332031,462.3012599768117,FluxDataKit-v3,0.030360028816380044
US-CF3,46.7551,-117.1261,CRO,0.2794200312859869,3.146970518182985,1.1297955948423593,11.711191835741856,41.91249919285647,55.545880207625046,7.706522504474208,1651,1826.0,Cropland,138.2794647216797,80.25218963623047,-61.290489196777344,22.125139236450195,-22.437713623046875,85.54039001464844,98.62013244628906,30.384706497192383,225.70477294921875,27.576107025146484,-10.023592948913574,97.2272491455078,59.26763916015625,18.90535926818848,252.64572143554688,20.79873847961425,-39.352500915527344,19.04315948486328,26.9409408569336,8.945205688476562,-12.411561012268066,16.981773376464844,76.98897552490234,-99.42668914794922,0.2108381718314044,0.414597864183632,,,8.719531059265137,12.10112190246582,539.0621337890625,616.179293137975,FluxDataKit-v3,0.29613030125350964
US-HWB,40.8608,-77.8488,CVM,0.2813457248739032,0.3647232202616625,0.3738436080638355,13.952772828541857,49.59297972199638,126.95818327960168,11.13512924398697,1400,1461.0,Cropland,132.34439086914062,55.84589767456055,-45.7940559387207,9.73892879486084,-20.25412368774414,70.85820770263672,119.11893463134766,34.47650909423828,228.89761352539065,18.65963554382324,6.6224775314331055,83.95693969726562,65.61188507080078,19.37442970275879,255.52639770507807,17.775806427001953,-53.50706100463867,19.591215133666992,26.6287784576416,5.556597709655762,-26.878278732299805,17.663576126098633,86.55033493041992,-106.80445861816406,0.1099005394383557,0.2161113830953092,,,61.27031326293945,17.514747619628906,608.027587890625,1084.5735925249755,FluxDataKit-v3,0.541977491229031
US-Ro1,44.7143,-93.0898,CRO,0.2953687678531816,1.0461768114757597,0.4608813198031033,18.978883287637903,64.25487510267742,81.07768240955558,10.01804569715949,4158,4749.0,Cropland,125.47517395019533,67.41458892822266,-50.87247467041016,12.046003341674805,-30.28612327575684,81.00703430175781,114.14099884033205,34.127872467041016,226.9146728515625,20.89365005493164,-12.554998397827148,95.54048919677734,72.80475616455078,21.59616470336914,250.521224975586,23.604984283447266,-41.336238861083984,24.644102096557617,23.606557846069336,7.2905049324035645,-17.729679107666016,20.066858291625977,74.60269927978516,-104.888822555542,0.2340827059136696,0.4603065425540604,,,117.87004852294922,15.982901573181152,592.1942749023438,879.2882959824055,FluxDataKit-v3,0.2759273763949351
FR-Fon,48.476357,2.780096,DBF,0.301372118152303,1.0797155518605737,0.4631201574213605,15.710983608020303,52.13151005588552,80.29064933639876,12.095629728118276,5578,5844.0,Forest,112.96826934814452,62.698978424072266,-47.92466354370117,12.150657653808594,-45.31183624267578,83.57881927490234,108.93563079833984,42.269134521484375,229.162109375,15.79849338531494,-21.824657440185547,99.1538543701172,61.25830459594727,26.0473690032959,253.35606384277344,12.685802459716797,-47.67732620239258,19.44129180908203,24.193960189819336,6.519647598266602,-23.48336601257324,19.18375396728516,65.04360580444336,-110.35544204711914,0.1956763799753943,0.3847833079953665,-40.626407623291016,-5.778894901275635,31.07604217529297,17.39744758605957,583.330078125,734.3068975023925,FluxDataKit-v3,0.45046395140671786
BE-Lon,50.55162,4.746234,CRO,0.3022743608073129,0.8483272637482552,0.4277548703842662,16.613269856701166,54.96089649261195,74.53102644013181,12.83943173730822,4603,6210.0,Cropland,104.55192565917967,61.53687286376953,-46.81349563598633,12.198174476623535,-52.750118255615234,83.11737823486328,110.38507843017578,47.12134552001953,225.8679351806641,15.456241607666016,-25.27359771728516,103.82815551757812,58.13765335083008,25.75968360900879,250.63790893554688,12.672818183898926,-52.24742889404297,23.63436508178711,24.770002365112305,6.668959140777588,-27.477426528930664,23.71728134155273,57.73843002319336,-110.4885482788086,0.2229040796861429,0.4383245906229567,-51.74112701416016,-3.276869058609009,34.03567886352539,16.393327713012695,572.609375,871.5288212988526,FluxDataKit-v3,0.4999450205952205
DE-Kli,50.89306,13.52238,CRO,0.3056458696829119,0.906559273062412,0.500020728962721,17.28074721034701,56.53846141704672,73.77677613697293,10.974968832429225,4519,6210.0,Cropland,102.85603332519533,62.44528579711914,-46.6266975402832,13.438018798828123,-48.97403335571289,84.27885437011719,109.96884155273438,45.16421508789063,222.50271606445312,16.614200592041016,-22.394086837768555,105.04784393310548,57.66546249389648,22.96205711364746,248.2275238037109,15.234984397888184,-52.30338287353516,24.62090301513672,25.72480201721192,6.153929233551025,-26.578577041625977,23.85729217529297,56.22933578491211,-105.203369140625,0.2342301753367999,0.4605965304027082,-48.77754592895508,0.2895413935184479,33.67239761352539,15.210318565368652,560.198974609375,913.2214018609376,FluxDataKit-v3,0.4700972820178718
US-CRT,41.6285,-83.3471,CRO,0.3071443677509113,0.6829377280670945,0.3981711633859539,20.509979492631825,66.77634899450624,101.90549665911207,11.156880121812575,1077,1096.0,Cropland,130.4312286376953,64.09220123291016,-47.73088455200195,12.443358421325684,-22.401123046875,77.79267120361328,117.11774444580078,29.97698211669922,228.8993225097656,20.55587387084961,-8.925195693969727,87.28426361083984,77.05663299560547,22.473716735839844,255.48358154296875,20.5213680267334,-40.06111526489258,18.9100284576416,26.584264755249023,6.070461273193359,-13.476852416992188,15.828770637512209,82.70034408569336,-105.10146713256836,0.2012647027396424,0.3957723365109369,,,105.21770477294922,18.06974983215332,583.5966186523438,1116.570441517979,FluxDataKit-v3,0.2018207437202196
CA-MA3,50.1774,-97.8686,GRA,0.3074320548112648,0.6219196466891673,0.4180434693659227,19.31069385778555,62.81288354801048,90.36896785415666,6.953147529765666,855,1095.0,Grassland,114.65775299072266,76.095947265625,-48.127925872802734,13.692547798156738,-41.62384796142578,89.20564270019531,105.12894439697266,37.82296371459961,220.00308227539065,22.242280960083008,-27.191795349121094,104.43473052978516,68.36621856689453,23.60238265991211,242.3335876464844,27.05594253540039,-36.762725830078125,24.421838760375977,22.33049392700196,7.162087917327881,-14.432230949401855,19.075489044189453,66.52982711791992,-108.1536750793457,0.2136872237929109,0.4202003167562778,,,70.47213745117188,13.091307640075684,512.6668090820312,602.477581705898,FluxDataKit-v3,0.2297654578836634
US-ICs,68.6058,-149.311,WET,0.3103976829777878,0.6950870733039924,0.5567958899779702,11.203560500656623,36.09421434198771,51.70647228597101,3.0907147840139944,1707,5114.0,Wetland,62.09526443481445,66.1818618774414,-45.30322265625,8.934037208557129,-95.32708740234376,86.5584945678711,95.59366607666016,74.2569808959961,202.77407836914065,19.94131660461425,-83.91482543945312,110.7252960205078,69.4986801147461,57.40804672241211,217.4560089111328,23.667774200439453,-26.094989776611328,30.92461204528809,14.6819486618042,6.731945514678955,-11.413039207458496,27.05357360839844,16.792041778564453,-112.1191291809082,0.2166761723502141,0.4260778657657786,,,4.468229293823242,6.057953834533691,199.67222595214844,549.1630831966177,FluxDataKit-v3,0.31620134737721456
FR-Gri,48.84422,1.95191,CRO,0.3169966067434586,1.2468077601027148,0.4901036899394813,17.22436872103104,54.33612964497915,64.05675516894726,11.716737475395226,5200,6210.0,Cropland,112.62981414794922,62.002532958984375,-48.25715255737305,10.487000465393066,-47.12949752807617,82.8124008178711,110.37242889404295,43.484188079833984,229.54405212402344,15.026412010192873,-22.445295333862305,100.07671356201172,61.79147720336914,26.18804931640625,253.4413909912109,11.74707317352295,-48.58095169067383,20.187929153442383,23.897340774536133,6.304666996002197,-24.68361091613769,20.575403213500977,64.37266159057617,-111.50215911865234,0.2688923076981096,0.5287570817877815,-43.95477294921875,-4.497873306274414,29.89479255676269,17.0349178314209,596.3152465820312,735.2206367067993,FluxDataKit-v3,0.4542762076985464
AU-Rob,-17.11750030517578,145.63009643554688,EBF,0.3214752328109493,0.2876766716497843,0.4383645202529134,40.73484306052323,126.71222819979498,146.82188593137707,19.66374776225136,1351,1461.0,Forest,191.9768218994141,38.32282257080078,-54.60995864868164,13.445587158203123,17.777698516845703,58.95580291748047,114.75006866455078,27.887975692749023,265.0822448730469,21.65967559814453,45.9515495300293,59.0764274597168,64.24052429199219,9.786813735961914,287.4208984375,7.407251834869385,-50.50954055786133,21.847082138061523,22.33864021301269,15.798431396484377,-28.170902252197266,11.412298202514648,137.36686325073242,-119.58916473388672,0.2774439437425715,0.5455732494129911,-26.969425201416016,-32.4929313659668,178.16561889648438,32.62189865112305,587.044921875,1281.6715240478516,FluxDataKit-v3,0.22232189152082835
CH-Dav,46.81533,9.85591,ENF,0.3255019473228206,1.4351407078635212,0.5761109158130613,24.562210300152,75.45948803738528,84.07436297117059,4.334507073750826,5877,8766.0,Forest,110.9582748413086,60.33107376098633,-57.30934143066406,10.85959815979004,-41.47169876098633,76.51124572753906,123.88502502441406,48.571537017822266,219.466552734375,15.690597534179688,-14.880210876464844,100.9196548461914,71.32032012939453,25.279998779296875,245.4428253173828,14.591052055358888,-52.564701080322266,29.32349395751953,25.97627639770508,5.939658164978027,-26.588424682617188,27.2641658782959,53.64893341064453,-95.12063217163086,0.2921486340440601,0.5744889487833785,-53.09803009033203,4.160852432250977,24.44270896911621,8.037128448486328,325.9110717773437,1445.2481782063842,FluxDataKit-v3,0.3523536320501452
US-BZF,64.7013,-148.3121,WET,0.3295328601318852,0.5343105865121898,0.4090957793779753,20.742410768822783,62.944893448626885,79.20165688483635,8.570258368150359,2022,4018.0,Wetland,89.3796615600586,74.4948501586914,-43.18942642211914,11.9142427444458,-68.61695098876953,94.8011703491211,79.73689270019531,56.531986236572266,206.6331024169922,18.98245048522949,-54.99555587768555,119.04017639160156,45.74143600463867,30.4432315826416,227.0044860839844,22.55420112609864,-33.995460510253906,30.901079177856445,20.37136650085449,7.2850470542907715,-13.624091148376465,26.49834251403809,46.19023513793945,-114.80718612670898,0.2618936469849792,0.5149947267141943,,,9.322396278381348,10.054231643676758,433.1225280761719,412.0949364732951,FluxDataKit-v3,0.21644474081914056
FI-Qvd,60.295242,22.391607,CRO,0.3410913204667252,0.3716050358844129,0.4969680238618965,14.690863563030954,43.07017705091123,64.42527613436452,9.329488715055223,796,1096.0,Cropland,94.84612274169922,75.9232406616211,-43.29732131958008,12.053304672241213,-71.3516845703125,95.46005249023438,85.97628021240234,49.96379470825195,221.2337951660156,19.654157638549805,-52.82212448120117,118.17232513427734,47.46907806396485,26.31711769104004,241.2093963623047,20.73993873596192,-38.507205963134766,26.92034339904785,19.9756088256836,5.795664310455322,-18.53159713745117,25.76394462585449,51.54880142211914,-122.90048599243164,0.2280295009119073,0.4484033570758484,-43.85260391235352,9.783411979675291,21.869531631469727,13.407087326049805,515.5735473632812,671.6403819154948,FluxDataKit-v3,0.43026517201324344
US-xDC,47.1617,-99.1066,GRA,0.341812938660465,1.0732324235817838,0.3471420797917237,29.57550493908881,86.52541081385807,82.33770717199616,9.930372559119622,1388,1826.0,Grassland,120.63489532470705,75.61821746826172,-51.56509399414063,14.36844253540039,-36.531551361083984,87.82526397705078,109.81935119628906,35.05434799194336,224.082260131836,22.188514709472656,-23.012704849243164,103.02804565429688,74.60981750488281,25.410329818725582,245.7711181640625,24.3059310913086,-35.20953750610352,22.590370178222656,21.688894271850582,5.713148593902588,-13.520639419555664,19.02702522277832,69.0698013305664,-105.6013526916504,0.35919757733001,0.7063357981496928,,,111.11666870117188,13.60844612121582,539.0189819335938,655.6760356761515,FluxDataKit-v3,0.15626206558721328
US-xUK,39.0404,-95.1921,DBF,0.3474945629287096,1.958464768033293,0.3994673608259957,33.17367837636674,95.46531633984873,95.89012217012488,14.063969422338513,1670,1826.0,Forest,147.28713989257812,59.88885116577149,-56.654571533203125,9.93624782562256,-11.639900207519531,75.45899200439453,107.83931732177734,30.184833526611328,235.63003540039065,18.369224548339844,3.9455738067626953,82.71066284179688,67.5176773071289,16.088571548461914,260.3681335449219,20.264881134033203,-40.3216438293457,18.645790100097656,24.73811721801757,7.718327045440674,-15.583525657653809,13.782465934753418,90.632568359375,-102.27246856689452,0.3459551163936486,0.6802954660169475,,,263.7484436035156,20.269588470458984,585.53515625,1014.9539227131754,FluxDataKit-v3,0.1632375637051024
US-Rwe,43.0653,-116.7591,CSH,0.3548551453956309,0.945399302888496,0.7115157899980216,20.30610295661546,57.22363961772632,57.26973800088682,7.140339448050294,1367,1826.0,Shrubland,155.95443725585938,79.94612884521484,-74.2083740234375,27.734617233276367,-12.310815811157228,81.19352722167969,94.17528533935548,24.53626251220703,233.2494964599609,29.833534240722656,-7.537466049194336,88.46976470947266,64.19013977050781,16.94801139831543,258.46270751953125,24.368093490600582,-29.98515510559082,14.449849128723145,25.21320343017578,8.184090614318848,-4.771953105926514,11.651822090148926,81.74606323242188,-94.0568790435791,0.3545695102761081,0.6972350423464188,,,10.046354293823242,9.52580451965332,697.7276000976562,403.87706249020994,FluxDataKit-v3,0.08339128964541244
US-Ro5,44.691,-93.0576,CRO,0.3560028779652286,1.3330266244227038,0.5334927964255355,24.31505705392568,68.30016991126843,81.85493738865114,10.499856942373944,1158,1461.0,Cropland,125.47517395019533,67.41458892822266,-50.87247467041016,12.046003341674805,-30.28612327575684,81.00703430175781,114.14099884033205,34.127872467041016,226.9146728515625,20.89365005493164,-12.554998397827148,95.54048919677734,72.80475616455078,21.59616470336914,250.521224975586,23.604984283447266,-41.336238861083984,24.644102096557617,23.606557846069336,7.2905049324035645,-17.729679107666016,20.066858291625977,74.60269927978516,-104.888822555542,0.2970505852136522,0.5841282776942289,,,117.87004852294922,15.982901573181152,592.1942749023438,879.2882959824055,FluxDataKit-v3,0.2595846998726266
UK-PL3,51.45000076293945,-1.266669988632202,DBF,0.3581907085151856,1.152733459935822,0.5489782322496344,15.1232201216248,42.22114019739752,65.31978993398937,15.537296425148314,675,730.0,Forest,100.41129302978516,58.194332122802734,-45.51728057861328,8.373136520385742,-59.43891906738281,80.71869659423828,112.13866424560548,51.74666595458984,226.1020355224609,14.01823902130127,-31.88691139221192,105.12964630126952,59.26885986328125,28.35696601867676,251.41635131835932,10.756749153137209,-52.86980819702149,24.95682907104492,25.31429672241211,6.03277063369751,-27.55551147460937,26.56797790527344,54.89401245117188,-114.33293151855467,0.2315258536028356,0.4552786792506713,,,15.310155868530272,16.216856002807617,640.0433349609375,731.1726326588541,FluxDataKit-v3,0.6526472602534754
US-xTA,32.9505,-87.3933,ENF,0.3607239172507004,0.4402471074829264,0.374949075189569,37.58073423660491,104.18143194671116,109.01853522520044,18.3686536298784,1790,1826.0,Forest,167.17062377929688,49.75401306152344,-48.78923416137695,13.939064025878906,7.2056965827941895,68.54319763183594,105.33119201660156,23.64874267578125,245.5535888671875,14.146289825439451,26.35369873046875,71.19391632080078,60.03094482421875,14.189764022827148,271.7051086425781,11.466182708740234,-45.30024719238281,14.68012237548828,26.15152931213379,8.149715423583984,-19.148717880249023,10.081439018249512,118.38138961791992,-111.17569303512572,0.3447187596033472,0.6778642606987862,,,274.6239624023437,26.59060859680176,546.7576904296875,1316.2499922327695,FluxDataKit-v3,0.18380163837682323
IT-Isp,45.81264114379883,8.633580207824707,DBF,0.3624462998418853,1.1222389831548492,0.453837093166707,30.078681181308983,82.98796592607125,103.97031749281768,14.556437417364872,612,730.0,Forest,133.70822143554688,67.82946014404297,-43.298946380615234,14.00945281982422,-25.59418296813965,85.7205581665039,99.47528839111328,33.54401016235352,232.4692840576172,17.72998809814453,-7.8567328453063965,92.1099090576172,60.26479721069336,21.491130828857425,253.94381713867188,18.210073471069336,-39.21049499511719,16.601177215576172,21.47453117370605,6.317151069641113,-17.735963821411133,13.14858341217041,90.40927505493164,-116.00345802307127,0.2893006572129284,0.5688886103760816,-17.540939331054688,-9.658323287963867,95.75676727294922,17.584388732910156,357.4661560058594,1499.3357262574136,FluxDataKit-v3,0.21371729772496154
AU-Lit,-13.17903995513916,130.79449462890625,WSA,0.3631241728134152,0.3732063018699973,0.3299428623134707,41.42060987494733,114.0673438345581,136.87016924676465,26.51198805614636,731,731.0,Savanna,210.3545684814453,21.84929847717285,-58.758766174316406,21.22786521911621,49.95216751098633,53.03228378295898,98.46754455566406,38.344364166259766,256.385986328125,40.79856872558594,43.34680938720703,50.32555389404297,66.76866149902344,9.43641185760498,294.6913452148437,9.053092956542969,-31.698875427246094,30.95553398132324,38.30534362792969,33.456233978271484,6.6064653396606445,10.44223403930664,151.5958023071289,-101.64363479614258,0.3026270085212628,0.5950939067975203,4.361396789550781,11.532882690429688,675.9174194335938,38.81272888183594,687.494384765625,1619.498380459845,FluxDataKit-v3,0.057917236586507895
US-ICh,68.6068,-149.2958,OSH,0.373038744062094,0.8497555596760338,0.7527992597042523,13.544032638406096,36.30730816569453,53.90444746348045,3.9854932136124153,2131,5479.0,Shrubland,62.09526443481445,66.1818618774414,-45.30322265625,8.934037208557129,-95.32708740234376,86.5584945678711,95.59366607666016,74.2569808959961,202.77407836914065,19.94131660461425,-83.91482543945312,110.7252960205078,69.4986801147461,57.40804672241211,217.4560089111328,23.667774200439453,-26.094989776611328,30.92461204528809,14.6819486618042,6.731945514678955,-11.413039207458496,27.05357360839844,16.792041778564453,-112.1191291809082,0.2512600216815505,0.4940844792906113,,,4.468229293823242,6.057953834533691,199.67222595214844,549.1630831966177,FluxDataKit-v3,0.3143455073940807
IT-BCi,40.52375,14.957444,CRO,0.3766943398258521,1.0414839781621703,0.6232847427750132,27.389920663346413,72.71126153902107,84.8792805687406,17.003236222950726,5011,6210.0,Cropland,172.5300750732422,79.86756896972656,-69.23165893554688,7.758782863616943,-0.1012860685586929,89.04117584228516,80.35078430175781,20.01869201660156,247.5020294189453,21.823383331298828,14.649304389953612,100.94503784179688,40.28149032592773,7.640290260314941,272.8204040527344,11.710890769958496,-40.06929397583008,16.252193450927734,25.3183536529541,11.087782859802246,-14.750940322875977,15.443933486938477,103.29841613769533,-103.399702206254,0.3226926580882637,0.6345515409710331,-20.339649200439453,-0.3525776863098144,201.8203125,18.544530868530277,440.6934814453125,1191.5058095473796,FluxDataKit-v3,0.20287009206902248
US-NC1,35.8118,-76.7119,ENF,0.3786810957782242,1.554844062292074,0.3957604606270566,29.155109619263914,76.99119376251804,116.90173053696812,18.547747607728205,2069,2922.0,Forest,164.7623748779297,52.70170211791992,-57.09489059448242,9.008060455322266,6.319591522216797,72.56486511230469,100.66751098632812,25.73197555541992,240.3539428710937,13.07162380218506,20.48259925842285,80.91468811035156,55.6182746887207,13.883916854858398,271.23736572265625,12.157197952270508,-45.04923629760742,15.96731948852539,30.8834285736084,6.776185989379883,-14.16580581665039,14.032289505004885,107.66748428344728,-101.34789276123048,0.2493984433365092,0.4904238214545067,,,231.4296875,25.61887550354004,576.8651123046875,1283.971848897636,FluxDataKit-v3,0.18399254673651771
US-EDN,37.6156,-122.114,WET,0.3800639314115844,0.1797463074680564,0.3867887596134647,31.123896891850407,81.89121439715167,148.2591503085721,14.844116939039557,730,730.0,Wetland,180.45118713378903,66.24508666992188,-68.75556182861328,9.644979476928713,-1.0176125764846802,74.59285736083984,85.12835693359375,23.990066528320312,255.6324462890625,21.16380500793457,19.560606002807617,87.59220123291016,44.58909225463867,12.899300575256348,275.59600830078125,15.067179679870604,-40.53926849365234,14.80933666229248,19.96360969543457,9.416463851928713,-20.575658798217773,17.06175422668457,111.69562530517578,-112.71323788166046,0.2099290116466482,0.4128100670901241,,,7.194270610809326,14.05642795562744,349.0220031738281,476.2350604869425,FluxDataKit-v3,0.2512559979686103
US-Ne1,41.1651,-96.4766,CRO,0.3812450220212413,1.4372914758367956,0.7824432131829965,21.362956866458823,56.03471686843054,97.89552822636068,11.527221140870568,6861,7305.0,Cropland,138.58123779296875,63.91776657104492,-55.62894821166992,11.463553428649902,-19.31433868408203,78.60628509521484,110.4503402709961,31.16859245300293,232.4815826416016,19.26090812683105,-4.589947700500488,87.07313537597656,71.99857330322266,17.22608757019043,256.2087707519531,21.85845375061035,-38.45176696777344,19.064552307128903,23.727209091186523,7.666432380676269,-14.724557876586914,14.19438362121582,82.95228958129883,-102.26662826538086,0.2182219888232478,0.429117600945479,,,226.0872344970703,18.093849182128903,579.3859252929688,847.9413134045899,FluxDataKit-v3,0.2627756273161897
US-A74,36.8085,-97.5489,CRO,0.3852279774308673,0.6649843103382305,0.4494837200831448,27.488748212848016,71.35709196453968,100.09767636953588,16.20689635944765,721,731.0,Cropland,159.91854858398438,57.08463287353516,-63.90979766845703,10.77980136871338,-5.318638324737549,72.35221862792969,104.77720642089844,26.74736785888672,244.1259613037109,18.18495750427246,7.217226028442383,75.01266479492188,68.23501586914062,15.355588912963867,268.1282958984375,18.5883903503418,-36.542179107666016,16.57538414001465,24.00235939025879,8.181819915771484,-12.53981876373291,12.32979965209961,96.00875091552734,-101.32738924026488,0.2746192440208737,0.5400186837411142,,,268.1994934082031,21.290063858032227,625.4772338867188,815.1351695414633,FluxDataKit-v3,0.17573332122285015
CN-Din,23.17329978942871,112.53610229492188,EBF,0.3854583766346062,0.4473055401518273,0.4202012902546259,19.243488341169805,49.92364807111611,87.87227166208925,20.54329829646793,1070,1096.0,Forest,133.93780517578125,33.46068572998047,-29.54531478881836,12.005772590637209,-8.708948135375977,57.05702209472656,144.69464111328125,38.27092361450195,249.3235321044922,16.870315551757812,40.301513671875,57.073150634765625,66.05659484863281,9.231803894042969,278.9476928710937,5.937882423400879,-78.63804626464844,31.69593048095703,29.6241397857666,17.3802433013916,-49.01390075683594,26.459470748901367,104.39249038696288,-113.10143852233888,0.2189938643576916,0.4306354378021367,-36.28001403808594,-50.34471893310547,412.4919128417969,40.37788009643555,421.10064697265625,1880.6826416403053,FluxDataKit-v3,0.981777226836784
US-NC4,35.7879,-75.9038,WET,0.388421929960689,0.9406628107150588,0.4737818884350362,35.06106323525563,90.26540607221648,102.31497020169068,17.338945157331192,4641,4748.0,Wetland,175.29954528808594,60.61513137817383,-60.62630081176758,11.058061599731444,14.163763999938965,79.8658218383789,91.94583129882812,21.086387634277344,241.2310485839844,12.621532440185549,33.21609115600586,90.10256958007812,41.52363204956055,7.001011371612549,272.598876953125,10.385091781616213,-50.42220306396485,15.914214134216309,31.367788314819336,6.513218402862549,-19.05441665649414,14.339788436889648,114.67324447631836,-100.5094804763794,0.342677744675493,0.6738507539295664,,,283.0403747558594,25.728221893310547,574.7266845703125,1323.2973928097636,FluxDataKit-v3,0.21109323588761936
US-xDL,32.5417,-87.8039,MF,0.3913291125356665,0.8594660207968492,0.4204785033360617,35.25783422172409,90.0976520588169,117.66463312305036,18.8838830502754,1714,1826.0,Forest,167.17062377929688,49.75401306152344,-48.78923416137695,13.939064025878906,7.2056965827941895,68.54319763183594,105.33119201660156,23.64874267578125,245.5535888671875,14.146289825439451,26.35369873046875,71.19391632080078,60.03094482421875,14.189764022827148,271.7051086425781,11.466182708740234,-45.30024719238281,14.68012237548828,26.15152931213379,8.149715423583984,-19.148717880249023,10.081439018249512,118.38138961791992,-111.17569303512572,0.2996468291780796,0.5892336018070372,,,275.2708435058594,27.36316680908203,558.118896484375,1237.3435299377888,FluxDataKit-v3,0.21253292891304754
US-Me6,44.32329940795898,-121.60780334472656,ENF,0.3944570599586964,2.539316458612469,1.3872094146636578,8.285033746889598,21.00363914834513,29.954973858198795,3.332652924773712,233,1461.0,Forest,156.67269897460938,84.33118438720703,-72.12608337402344,23.68497467041016,-10.438434600830078,86.88113403320312,90.39170837402344,27.64672470092773,230.8153533935547,27.038646697998047,3.0447492599487305,97.82622528076172,52.75547409057617,15.459646224975586,254.96600341796875,19.29177474975586,-37.63623046875,17.718093872070312,24.15063095092773,9.493037223815918,-13.485601425170898,16.130231857299805,84.54661560058594,-94.98505020141602,0.2765829069359027,0.5438800834273089,,,7.118229389190674,10.45803928375244,604.6713256835938,710.6410776032135,FluxDataKit-v3,0.6420602320352388
US-CS4,44.1597,-89.5475,CRO,0.3974213013940503,0.8435781659994324,0.4735708454982517,21.92562408171748,55.16972543949732,81.77613213229222,8.202093179574197,356,731.0,Cropland,126.19725799560548,64.12984466552734,-48.02689743041992,10.78251838684082,-27.950138092041016,78.52535247802734,113.8752899169922,35.47268295288086,224.8440093994141,20.15651130676269,-5.156849384307861,93.4281768798828,67.38082885742188,19.701902389526367,248.5439453125,22.30087661743164,-46.49446868896485,22.53024673461914,23.69991683959961,6.093850612640381,-22.79454803466797,18.84075736999512,78.17036056518555,-106.12049865722656,0.2681176464331621,0.5272337669955727,,,81.23072814941406,15.556172370910645,612.677734375,888.9884466771036,FluxDataKit-v3,0.41317131548290814
US-BZo,64.6936,-148.33,WET,0.3979037655485533,0.3253550343890965,0.5147073950209594,23.40062042376734,58.809748612223,79.88866834114101,8.905459797048858,834,1461.0,Wetland,89.3796615600586,74.4948501586914,-43.18942642211914,11.9142427444458,-68.61695098876953,94.8011703491211,79.73689270019531,56.531986236572266,206.6331024169922,18.98245048522949,-54.99555587768555,119.04017639160156,45.74143600463867,30.4432315826416,227.0044860839844,22.55420112609864,-33.995460510253906,30.901079177856445,20.37136650085449,7.2850470542907715,-13.624091148376465,26.49834251403809,46.19023513793945,-114.80718612670898,0.2929153897501694,0.5759967178715951,,,9.322396278381348,10.054231643676758,433.1225280761719,412.0949364732951,FluxDataKit-v3,0.23166382223822052
FI-Kaa,69.14069366455078,27.29503059387207,WET,0.3986462000415255,0.294791128846415,0.5109053187421059,14.497933753827612,36.36792161148762,65.47512801478817,7.5613261513138275,553,1096.0,Wetland,60.571231842041016,63.21920394897461,-40.82645034790039,7.631847858428955,-100.42163848876952,86.07074737548828,93.2807846069336,76.00943756103516,207.2699737548828,19.570180892944336,-90.04195404052734,118.92212677001952,61.72677612304688,55.52374267578125,228.44581604003903,18.868501663208008,-31.55401039123535,36.402565002441406,21.175838470458984,4.679262638092041,-10.37817096710205,36.894996643066406,19.744781494140625,-120.16641998291016,0.2214265812592702,0.4354191978907245,-64.3049545288086,20.64571762084961,6.765364646911621,10.048802375793455,479.1490783691406,622.0881739864126,FluxDataKit-v3,0.2853660728256705
IT-PT1,45.200870513916016,9.061039924621582,DBF,0.3996568767436301,1.1877358302784746,0.910647888114694,30.39644530347625,76.05635501919515,96.65020195168866,15.86418610300719,597,731.0,Forest,133.70822143554688,67.82946014404297,-43.298946380615234,14.00945281982422,-25.59418296813965,85.7205581665039,99.47528839111328,33.54401016235352,232.4692840576172,17.72998809814453,-7.84460973739624,92.13204193115234,60.2526741027832,21.469018936157227,253.94381713867188,18.210073471069336,-39.222618103027344,16.59891700744629,21.47453117370605,6.317151069641113,-17.74808692932129,13.139381408691406,90.40927505493164,-116.00345802307127,0.3144995529204392,0.6184403981257603,-17.56014633178711,-9.634757995605469,118.40676879882812,19.73490333557129,401.6921997070313,1127.1132854744792,FluxDataKit-v3,0.2333544241614263
DK-Ris,55.53028106689453,12.097220420837402,CRO,0.4037127640859427,0.5455940561912587,0.571846253275118,14.703459112518953,36.420595087721495,73.43158545049587,8.942073227873967,565,731.0,Cropland,107.50135803222656,75.4455795288086,-48.942779541015625,10.77464771270752,-56.48950958251953,96.17019653320312,91.16607666015624,43.07532501220703,225.04640197753903,16.273746490478516,-34.20949172973633,123.42052459716795,41.51847457885742,18.676795959472656,252.41506958007807,13.042752265930176,-49.64760208129883,27.96532821655273,27.3686580657959,7.132199764251709,-22.278940200805664,30.857154846191406,58.55857849121094,-115.04808807373048,0.2002334420851002,0.3937444377624516,-55.58432769775391,8.417537689208984,22.14557266235352,15.171646118164062,607.659912109375,725.1565030310303,FluxDataKit-v3,0.6117126902277492
DE-HoH,52.08656,11.22235,DBF,0.4051625269881374,1.1581694372563518,0.6308477992882924,24.212262333727047,59.75938227484682,72.50470417085643,10.573247538379633,2098,2192.0,Forest,100.08145904541016,63.18033981323242,-43.46660614013672,12.265543937683104,-55.40761947631836,86.1031494140625,104.77969360351562,47.16709899902344,224.6925201416016,16.324352264404297,-31.31278610229492,107.31293487548828,56.19331359863281,25.14450454711914,249.18600463867188,14.520801544189451,-48.58638381958008,24.135639190673828,24.49350547790528,5.945269584655762,-24.092878341674805,24.239234924316406,56.61485290527344,-112.0224723815918,0.3339405713134303,0.6566697407219109,-47.70277786254883,1.8735389709472656,27.44713592529297,16.039709091186523,599.5174560546875,658.1547402311116,FluxDataKit-v3,0.40316478224065716
IT-Amp,41.90409851074219,13.605159759521484,GRA,0.4090642462973279,0.4389227186094572,0.4740039523726024,22.161944357040174,54.17717279777072,82.9265002821252,9.732992448413782,1367,1461.0,Grassland,154.39625549316406,71.15999603271484,-58.89796447753906,11.488824844360352,-12.481480598449709,82.11821746826172,94.66231536865234,27.229812622070312,241.42526245117188,21.24582862854004,9.65532684326172,96.5239028930664,46.738059997558594,13.138718605041504,267.21514892578125,14.382534980773926,-47.92425537109375,22.116186141967773,25.789884567260746,9.210171699523926,-22.13437271118164,20.41851806640625,95.498291015625,-107.9797716140747,0.2672480362928951,0.5255237421756106,-27.29929542541504,-5.753084659576416,53.74609375,12.82669162750244,399.77734375,1164.8492189124229,FluxDataKit-v3,0.40855533000593236
CN-Qia,26.74139976501465,115.05809783935548,ENF,0.4090734968362384,0.6287426166839757,0.455642958922735,20.29912041873607,49.622184218065534,89.44554370639464,18.41595053181345,1077,1096.0,Forest,132.52908325195312,40.83629989624024,-36.13015365600586,11.215539932250977,-11.296549797058104,62.27894973754883,144.3689727783203,36.35664367675781,244.0385589599609,13.482221603393556,38.891746520996094,61.32220077514648,63.3425178527832,10.60164737701416,274.8790588378906,8.287636756896973,-81.02645874023438,30.229612350463867,30.840484619140625,14.6720609664917,-50.185977935791016,24.3513298034668,96.39892959594728,-107.69547939300536,0.2269438987968815,0.4462685998147068,-35.40678787231445,-51.82942581176758,235.2257843017578,35.77614974975586,474.4636840820313,1563.6644279584289,FluxDataKit-v3,1.0113617271510638
US-Ne2,41.16490173339844,-96.47010040283205,CRO,0.4107432184067712,1.4757195278868211,0.9238617338764804,26.0112311581262,63.32723217931866,92.2710826658486,11.049146656893166,3838,4018.0,Cropland,138.58123779296875,63.91776657104492,-55.62894821166992,11.463553428649902,-19.31433868408203,78.60628509521484,110.4503402709961,31.16859245300293,232.4815826416016,19.26090812683105,-4.589947700500488,87.07313537597656,71.99857330322266,17.22608757019043,256.2087707519531,21.85845375061035,-38.45176696777344,19.064552307128903,23.727209091186523,7.666432380676269,-14.724557876586914,14.19438362121582,82.95228958129883,-102.26662826538086,0.2819001403974365,0.554336034630872,,,226.0872344970703,18.093849182128903,579.3859252929688,847.9413134045899,FluxDataKit-v3,0.2325154182468067
AU-Otw,-38.53234100341797,142.81680297851562,GRA,0.4174216070423393,0.9617708906014047,0.6260668915397901,26.84258392391403,64.3056887114887,87.71793345400577,12.817114877392624,722,730.0,Grassland,157.55287170410156,67.73889923095703,-58.32772445678711,9.661349296569824,-13.421346664428713,86.99560546875,103.24740600585938,33.68342971801758,243.3225250244141,10.244730949401855,19.919734954833984,109.1814193725586,44.72428894042969,13.615726470947266,268.498291015625,6.321338176727295,-58.52311706542969,23.372249603271484,25.17576789855957,5.397230625152588,-33.34735107421875,24.943925857543945,99.22514724731444,-112.64649391174316,0.3060102178306416,0.6017467407771103,-6.121687412261963,-54.16159439086914,15.823437690734863,16.730796813964844,715.698974609375,910.658563952893,FluxDataKit-v3,0.5185754439834028
DE-Akm,53.86616667,13.68341667,WET,0.4223714210832902,0.6946375944216318,0.4659256219145158,19.443313363484627,46.03368597623576,76.88705190348593,10.89818400461372,3472,4383.0,Wetland,100.74120330810548,66.1185531616211,-43.84571838378906,11.913959503173828,-58.190673828125,87.60105895996094,102.4245376586914,47.47179412841797,225.0658569335937,16.536739349365234,-37.022682189941406,107.50499725341795,57.80681228637695,26.28445625305176,248.51708984375,15.75014591217041,-44.61772918701172,23.671306610107425,23.451229095458984,5.547536849975586,-21.1664981842041,22.966796875,56.895484924316406,-115.0861587524414,0.2528815045203092,0.4972730068514429,-44.8218879699707,3.02335524559021,26.83724021911621,15.881098747253418,583.7252807617188,669.7650154819712,FluxDataKit-v3,0.459804548241716
IT-Tor,45.84444,7.578055,GRA,0.4229119023978128,0.5742948571245672,0.5613388016112086,27.37194432795788,64.72256792198394,66.54457551533326,5.142253475397517,3724,4749.0,Grassland,121.3669204711914,64.80609893798828,-64.90631866455078,11.920042991638184,-34.810333251953125,78.7635498046875,117.60982513427734,43.6428108215332,223.54641723632807,16.971097946166992,-14.237427711486816,98.77422332763672,70.64427947998047,22.14003562927246,249.9443206787109,16.47940444946289,-46.96555709838867,26.228878021240234,26.397932052612305,6.019954204559326,-20.56762313842773,23.841154098510746,56.46060180664063,-91.27093505859376,0.4113324657342026,0.8088552479916056,-37.55405807495117,5.500851154327393,30.82473945617676,7.285383224487305,285.1087341308594,1207.9283851198852,FluxDataKit-v3,0.3177813210875653
US-xCL,33.4012,-97.57,GRA,0.4250640018975348,1.317991351983694,0.3508704177623119,45.76231518442776,107.65982294463772,114.69516759051632,17.928408351842933,1748,1826.0,Grassland,165.96136474609375,52.76408386230469,-63.22704315185547,11.900018692016602,-1.817944884300232,67.88471221923828,105.1328353881836,25.713605880737305,251.2798614501953,18.0380973815918,13.468331336975098,70.70145416259766,65.2879867553711,13.538581848144531,275.8351745605469,16.13852310180664,-39.844844818115234,17.483566284179688,24.55528450012207,9.196200370788574,-15.289559364318848,11.933232307434082,102.73432159423828,-104.55226647853851,0.3989907870208444,0.784586238302551,,,296.3736877441406,23.78269386291504,632.2965087890625,919.1664855461568,FluxDataKit-v3,0.14201731849569593
US-Tw1,38.1074,-121.6469,WET,0.4275407348852915,1.3642463226777597,0.758066937933354,32.104945543127386,75.09213257010724,133.91360862915786,14.896890540754136,3619,3653.0,Wetland,182.84825134277344,77.48599243164062,-82.94524383544922,24.26352310180664,-3.1284122467041016,77.3818588256836,81.81661987304688,17.62238121032715,257.1395874023437,28.415586471557617,-0.2977011203765869,79.12359619140625,61.39570999145508,17.496355056762695,274.7258605957031,18.82968521118164,-20.420907974243164,14.646413803100586,17.586288452148438,10.863920211791992,-2.8346197605133057,8.059957504272461,99.90300750732422,-103.03141975402832,0.2397437114254344,0.4714384963834943,,,5.927083492279053,15.127497673034668,394.25390625,452.46768568176776,FluxDataKit-v3,0.037748558517323484
US-SP3,29.754770278930664,-82.16327667236328,EBF,0.4356018953410436,0.4603916647935671,0.3976024084756848,37.52545025919876,86.14620519458288,106.90873181727252,20.06070915049861,2022,2192.0,Forest,174.23973083496094,40.56291580200195,-51.07953643798828,13.71949863433838,12.214714050292969,62.50235748291016,105.91667938232422,27.417999267578125,249.9007110595703,12.784419059753418,28.422712326049805,68.01104736328125,61.739295959472656,12.814467430114746,277.8677062988281,7.964256286621094,-44.17739486694336,17.736618041992188,27.96700096130371,11.232429504394531,-16.210391998291016,10.443799018859863,123.16019439697266,-110.94548034667967,0.3510045402403326,0.6902247891751235,,,398.3663940429688,30.600492477416992,564.1246337890625,1048.8769155927002,FluxDataKit-v3,0.1881730247046375
IT-Mal,46.11402130126953,11.703339576721191,GRA,0.4424561416272141,0.530888768906288,0.5300910939849406,27.61735886142573,62.41829700873357,98.44011363366924,8.30555297253181,255,365.0,Grassland,116.6610336303711,60.78206253051758,-56.67610168457031,12.226866722106934,-35.753292083740234,77.38176727294922,118.43976593017578,47.523807525634766,219.19419860839844,15.352392196655272,-9.121082305908203,100.78799438476562,68.26832580566406,24.28925323486328,242.73570251464844,15.454423904418944,-50.17143630981445,28.99017333984375,23.54149627685547,5.41655158996582,-26.629941940307617,26.6551456451416,59.98493194580078,-95.73822402954102,0.2805498474351601,0.5516807821530161,-50.61478042602539,3.007741928100586,132.92239379882812,13.62632179260254,262.4786071777344,1988.5575771331787,FluxDataKit-v3,0.42663679107716695
DK-Sor,55.48587,11.644645,DBF,0.4441312271317581,1.2497585699745903,0.7247893569751256,25.27235022017469,56.902889678318594,85.69601259712309,11.618792945229586,3423,9132.0,Forest,107.3870620727539,75.11978912353516,-47.6807975769043,10.60554313659668,-56.85855484008789,96.22571563720705,91.2079849243164,42.90362548828125,225.3716735839844,16.03415298461914,-40.87810516357422,118.27315521240234,48.14947891235352,23.174251556396484,252.454345703125,13.760408401489258,-43.05850601196289,24.19968032836914,27.08269119262696,6.420555114746094,-15.975817680358888,25.724102020263672,59.70626449584961,-116.5648193359375,0.2949069560445699,0.5799129875151151,-43.53243637084961,8.727913856506348,21.81276130676269,15.188976287841797,609.7610473632812,716.9458526186645,FluxDataKit-v3,0.28075582401303023
US-CF2,46.784,-117.0908,CRO,0.4467064968092814,1.8635231483148385,0.6171045008241711,17.883698405288253,40.034560797810805,64.27943583992398,8.812194671233518,1312,1461.0,Cropland,138.2794647216797,80.25218963623047,-61.290489196777344,22.125139236450195,-22.437713623046875,85.54039001464844,98.62013244628906,30.384706497192383,225.70477294921875,27.576107025146484,-10.023592948913574,97.2272491455078,59.26763916015625,18.90535926818848,252.64572143554688,20.79873847961425,-39.352500915527344,19.04315948486328,26.9409408569336,8.945205688476562,-12.411561012268066,16.981773376464844,76.98897552490234,-99.42668914794922,0.2782180361667188,0.5470954456213175,,,10.160676956176758,11.97066593170166,514.7777099609375,656.8493985105306,FluxDataKit-v3,0.31002116084027986
AU-How,-12.495200157165527,131.14999389648438,WSA,0.4517193472635878,0.6713230265376372,0.3901153548969571,49.6473831998302,109.90758642635666,148.37535649696656,26.70183690088424,4865,5479.0,Savanna,212.67955017089844,22.71135139465332,-59.42061996459961,19.258575439453125,55.22108459472656,51.25824737548828,96.41229248046876,36.76076889038086,254.6945343017578,40.57954788208008,44.53990936279297,46.89580154418945,68.00397491455078,9.968058586120604,293.7844543457031,9.323240280151367,-28.408313751220703,29.703174591064453,39.08990478515625,32.831302642822266,10.681591033935549,10.101029396057127,153.25893020629883,-98.03784561157228,0.3346066649608704,0.6579795652246379,5.184998035430908,15.27230453491211,630.6395874023438,40.90018081665039,650.2908935546875,1598.9972068928182,FluxDataKit-v3,0.09718702212692774
US-CF1,46.7815,-117.0821,CRO,0.4551258640480354,1.951391825062267,0.6113056643680752,19.36365586128487,42.54571623123833,59.39125731490285,8.875116097169496,1285,1461.0,Cropland,138.2794647216797,80.25218963623047,-61.290489196777344,22.125139236450195,-22.437713623046875,85.54039001464844,98.62013244628906,30.384706497192383,225.70477294921875,27.576107025146484,-10.023592948913574,97.2272491455078,59.26763916015625,18.90535926818848,252.64572143554688,20.79873847961425,-39.352500915527344,19.04315948486328,26.9409408569336,8.945205688476562,-12.411561012268066,16.981773376464844,76.98897552490234,-99.42668914794922,0.3260354593709874,0.6411249155178196,,,10.160676956176758,11.97066593170166,514.7777099609375,656.8493985105306,FluxDataKit-v3,0.29172293033711183
FR-Lam,43.4965,1.2379,CRO,0.4575638113554084,1.0028416058056264,0.4932788538759063,28.4267535684367,62.12631520012513,80.84875944113507,13.07587847382982,5790,5844.0,Cropland,134.95738220214844,60.76100158691406,-50.32951736450195,10.349255561828612,-26.800291061401367,77.88662719726562,106.82640838623048,36.42814636230469,235.082260131836,17.112409591674805,-4.793939590454102,91.11842346191406,61.42348098754883,22.41768264770508,258.48272705078125,13.14467430114746,-45.40293884277344,17.3554744720459,23.40049362182617,7.15205192565918,-22.002445220947266,17.367565155029297,84.62786483764648,-111.42815589904784,0.351604078589899,0.6914037375461292,-33.9433708190918,-8.60599136352539,72.7890625,18.448610305786133,505.9207153320313,808.4256621077657,FluxDataKit-v3,0.35415661060971715
PL-wet,52.76219940185547,16.30940055847168,WET,0.4591465393643776,0.388197054350038,0.5303446485446482,26.77660168934092,58.31820430664527,70.8253110813057,10.576946605805592,578,731.0,Wetland,102.25236511230467,65.92118072509766,-44.35675048828125,13.924562454223633,-53.57799911499024,87.60823822021484,102.37723541259766,44.80571365356445,225.26077270507807,17.556669235229492,-32.1501579284668,106.4836883544922,57.94036483764648,24.86278343200684,248.2725830078125,16.16754722595215,-44.43686676025391,22.838497161865234,23.011831283569336,6.014496326446533,-21.42503547668457,22.11314582824707,57.89561462402344,-111.47361373901369,0.3780654300071064,0.7434380522325581,-43.25752639770508,2.7958343029022217,29.784374237060547,15.99610996246338,605.239990234375,689.9934780085459,FluxDataKit-v3,0.36738160461918096
ES-VDA,42.15217971801758,1.4485000371932983,GRA,0.4662482056051519,0.4104541159858318,0.6179029276930343,18.27882603666868,39.2040673120538,50.656160880549685,6.694760142555556,344,366.0,Grassland,146.24386596679688,62.64566802978516,-72.49414825439453,9.605984687805176,-16.75847625732422,77.26339721679688,104.1626968383789,37.1757926940918,231.9877319335937,16.254117965698242,2.7386512756347656,92.9030532836914,59.261985778808594,17.494924545288086,257.3898010253906,15.380824089050291,-44.90070343017578,22.054452896118164,25.402088165283203,6.160026550292969,-19.49861717224121,19.742584228515625,73.74971771240234,-90.50819396972656,0.3608411241383109,0.7095677128949612,-30.291467666625977,-1.038625717163086,48.03359222412109,11.98067569732666,426.2286376953125,828.2175660133362,FluxDataKit-v3,0.49736209809654386
CZ-KrP,49.573257,15.078773,CRO,0.4689604352756225,0.8862397831982005,0.5639909744605965,26.33333175848727,56.15256592597275,78.7260927077663,11.498255818031568,2063,2557.0,Cropland,109.2424774169922,65.38556671142578,-45.46177673339844,13.83936595916748,-43.67410659790039,84.96443939208984,109.1129379272461,41.966888427734375,222.7204742431641,17.392488479614258,-18.17816734313965,103.16583251953124,58.25605392456055,22.379621505737305,248.08612060546875,15.44307804107666,-50.85688018798828,22.827194213867188,25.365663528442383,6.12486457824707,-25.4912166595459,22.02852439880371,63.78070068359375,-107.45480728149414,0.3344930613568924,0.6577561720356165,-43.18408966064453,-0.2696520090103149,46.58802032470703,14.581241607666016,549.2648315429688,853.7833974696696,FluxDataKit-v3,0.45396352311222193
US-KS2,28.608577728271484,-80.6715316772461,CSH,0.47006171009789,0.4972285621595486,0.4787894519964735,38.42037470709322,81.73474648486517,129.29082575296988,21.729604253140145,1456,1461.0,Shrubland,192.1744384765625,46.695274353027344,-62.06192779541016,12.455144882202148,26.298480987548828,70.61263275146484,90.95556640625,20.00748634338379,253.90342712402344,12.975876808166504,46.39295196533203,78.45304107666016,41.09740829467773,4.524466514587402,283.6666564941406,4.231774806976318,-49.858154296875,17.18671417236328,29.763221740722656,10.413894653320312,-20.09493064880371,11.386740684509276,130.11251068115234,-103.81402969360352,0.297162420329044,0.5843481932796252,,,634.9827880859375,32.98759841918945,573.1756591796875,1055.586338043213,FluxDataKit-v3,0.24585542273046251
SE-Deg,64.18203,19.55654,WET,0.4704839332832459,0.5984180742409653,0.6604737463252919,27.90147550889447,59.30377965127434,84.21745481639984,8.922964211687086,1664,7305.0,Wetland,83.6927490234375,71.679931640625,-44.91260147094727,9.22530746459961,-80.27225494384766,92.30451202392578,84.6688461303711,59.93258666992188,213.3453826904297,19.28519630432129,-63.85161590576172,120.45179748535156,47.33271789550781,31.878305435180664,234.2638092041016,19.994768142700195,-37.33613967895508,31.96788024902344,20.91842269897461,5.05964994430542,-16.4177188873291,30.80304336547852,38.78014755249024,-119.05240249633788,0.3313027634202638,0.6514826841792841,-54.40530014038086,16.467220306396484,12.9609375,11.264281272888184,535.0848999023438,680.889441864565,FluxDataKit-v3,0.27684102065451255
BE-Dor,50.311874,4.968113,GRA,0.473023817161903,0.8254143775791398,0.5726710696661681,17.836845857402125,37.70813479207341,95.25611109429158,13.31905774855442,1051,3653.0,Grassland,104.55192565917967,61.53687286376953,-46.81349563598633,12.198174476623535,-52.750118255615234,83.11737823486328,110.38507843017578,47.12134552001953,225.8679351806641,15.456241607666016,-25.27359771728516,103.82815551757812,58.13765335083008,25.75968360900879,250.63790893554688,12.672818183898926,-52.24742889404297,23.63436508178711,24.770002365112305,6.668959140777588,-27.477426528930664,23.71728134155273,57.73843002319336,-110.4885482788086,0.1872514598013127,0.3682163178732698,-51.74112701416016,-3.276869058609009,36.63411331176758,15.954211235046388,555.7010498046875,903.9781207684427,FluxDataKit-v3,0.7286869711388289
US-SP2,29.764799118041992,-82.24481964111328,ENF,0.4794796670128029,0.4356188786936927,0.5046606973941413,35.76391644601434,74.58901577375832,116.17764117848286,19.59494444266498,1815,1827.0,Forest,174.23973083496094,40.56291580200195,-51.07953643798828,13.71949863433838,12.214714050292969,62.50235748291016,105.91667938232422,27.417999267578125,249.9007110595703,12.784419059753418,28.422712326049805,68.01104736328125,61.739295959472656,12.814467430114746,277.8677062988281,7.964256286621094,-44.17739486694336,17.736618041992188,27.96700096130371,11.232429504394531,-16.210391998291016,10.443799018859863,123.16019439697266,-110.94548034667967,0.3078382043500995,0.605341342741928,,,398.3663940429688,30.600492477416992,564.1246337890625,1048.8769155927002,FluxDataKit-v3,0.2173294798185835
US-xJE,31.1948,-84.4686,ENF,0.4811562971712521,0.6487881337657536,0.4437776041278246,42.78924792744871,88.93003828279784,115.96430130447004,20.190339642089217,1816,1826.0,Forest,169.21926879882812,46.354679107666016,-53.1095085144043,16.194278717041016,7.6768388748168945,66.8992691040039,106.0658721923828,24.09849739074707,247.751205444336,12.633435249328612,22.919574737548828,69.11286926269531,64.38986206054688,14.434647560119627,274.1861267089844,10.152558326721191,-41.67600631713867,13.840731620788574,26.434926986694336,8.53937816619873,-15.241077423095703,8.893043518066406,116.10976028442384,-108.43292140960692,0.3689863815511931,0.7255847666251903,,,277.0583190917969,28.45946311950684,567.884521484375,1068.3235328178853,FluxDataKit-v3,0.17138278266145598
US-KFS,39.0561,-95.1907,GRA,0.4819413155467392,1.185918169712136,0.5813147819026387,35.209530025797264,73.05771240187977,92.99386233222168,14.078214828184244,4374,4748.0,Grassland,147.28713989257812,59.88885116577149,-56.654571533203125,9.93624782562256,-11.639900207519531,75.45899200439453,107.83931732177734,30.184833526611328,235.63003540039065,18.369224548339844,3.9455738067626953,82.71066284179688,67.5176773071289,16.088571548461914,260.3681335449219,20.264881134033203,-40.3216438293457,18.645790100097656,24.73811721801757,7.718327045440674,-15.583525657653809,13.782465934753418,90.632568359375,-102.27246856689452,0.3786220847566348,0.7445326731365313,,,263.7484436035156,20.269588470458984,585.53515625,1014.9539227131754,FluxDataKit-v3,0.21330431990439447
US-ALQ,46.0308,-89.6067,WET,0.4850834785227862,0.4072813769034248,0.434010050539668,22.65295635346877,46.69908862378349,95.11788102035136,5.9991248644186985,2283,2557.0,Wetland,125.12982940673828,69.3388900756836,-41.41230773925781,15.238443374633787,-28.99555969238281,82.68220520019531,109.20690155029295,34.719173431396484,221.6788482666016,20.633525848388672,0.5147546529769897,97.85922241210938,57.19572448730469,19.172243118286133,244.1806488037109,24.2924919128418,-52.01117706298828,22.68672752380371,22.501813888549805,7.270339488983154,-29.50935935974121,18.88249588012696,83.71752166748047,-112.71308135986328,0.2381566547789469,0.468317665415095,,,63.333595275878906,13.461054801940918,620.5819091796875,873.0923419352621,FluxDataKit-v3,0.631904395340005
US-Snf,38.0402,-121.7272,GRA,0.4852938061869054,0.3780968676076453,0.5460944801301588,47.18605103162744,97.23192513496508,99.04800274936817,15.504809141812284,1095,1096.0,Grassland,182.84825134277344,77.48599243164062,-82.94524383544922,24.26352310180664,-3.1284122467041016,77.3818588256836,81.81661987304688,17.62238121032715,257.1395874023437,28.415586471557617,-0.2977011203765869,79.12359619140625,61.39570999145508,17.496355056762695,274.7258605957031,18.82968521118164,-20.420907974243164,14.646413803100586,17.586288452148438,10.863920211791992,-2.8346197605133057,8.059957504272461,99.90300750732422,-103.03141975402832,0.4763957850924807,0.9367975129445104,,,5.927083492279053,15.127497673034668,394.25390625,452.46768568176776,FluxDataKit-v3,0.02915317943750105
US-xHA,42.5369,-72.1727,DBF,0.4908622231436972,2.233209266811291,0.6126772242578663,32.86912102086348,66.96200984943432,85.69993551655668,9.026727499887947,1720,1826.0,Forest,133.24789428710938,56.65520477294922,-47.77787399291992,8.42967700958252,-19.63109970092773,72.03839874267578,112.8836898803711,38.1580696105957,226.14198303222656,18.49288749694824,6.201438903808594,87.6142578125,60.96693801879883,19.892410278320312,252.229232788086,18.49353408813477,-51.916748046875,21.841602325439453,26.08725357055664,4.911349296569824,-25.829492568969727,19.81067657470703,85.47002029418945,-105.1011199951172,0.3835372899961328,0.7541980652077054,,,40.28828048706055,16.70403289794922,620.0792846679688,1120.2094214968383,FluxDataKit-v3,0.3857335319989343
IT-Lsn,45.740482,12.750297,OSH,0.4910077518328564,0.6768446502654948,0.630737283930259,34.0000611907409,69.24546723310152,95.3189338146248,14.883261421632286,1679,1827.0,Shrubland,141.1066131591797,73.84111785888672,-59.42943572998047,8.9865083694458,-19.99922752380371,90.69564056396484,91.92781066894533,28.705888748168945,234.4208068847656,18.89619827270508,-5.175132751464844,104.08387756347656,47.310813903808594,13.413211822509766,264.2151794433594,14.860417366027832,-44.617000579833984,20.203548431396484,29.79435539245605,7.629978656768799,-14.822649002075195,18.26072120666504,81.67717742919922,-101.67640495300292,0.3566978755434239,0.7014203171776642,-24.19546127319336,-0.2391161322593689,217.61224365234372,20.247745513916016,319.3345031738281,1301.3169169425964,FluxDataKit-v3,0.21405948424288343
UK-Ham,51.15353012084961,-0.858299970626831,DBF,0.4913805088395264,0.9697865868961658,0.6324192408366845,22.14572083048609,45.0683745734782,108.04118526666954,13.754210522188178,179,366.0,Forest,100.41129302978516,58.194332122802734,-45.51728057861328,8.373136520385742,-59.43891906738281,80.71869659423828,112.13866424560548,51.74666595458984,226.1020355224609,14.01823902130127,-31.94466590881348,105.12915802001952,59.3378791809082,28.363445281982425,251.4050750732422,10.751461029052734,-52.80078887939453,24.94098472595215,25.30303192138672,6.027161598205566,-27.49775695800781,26.56299018859864,54.89401245117188,-114.33293151855467,0.2049748045231599,0.4030679806629846,,,15.879687309265137,16.43303108215332,633.6484375,741.9475656934083,FluxDataKit-v3,0.6101342064861079
FR-Hes,48.67416000366211,7.0655598640441895,DBF,0.4930679861554611,2.0690748166703656,0.7143393017537765,27.15253508502504,55.06854196058881,100.93300968018866,13.663187059972174,2347,3652.0,Forest,115.13975524902344,65.19721984863281,-48.71744537353516,14.287100791931152,-41.25841522216797,83.96467590332031,108.66706085205078,41.78855895996094,225.3767852783203,16.89982795715332,-17.27816390991211,100.23461151123048,58.47965621948242,23.784215927124023,251.5860748291016,13.880725860595703,-50.18740463256836,21.099294662475582,26.209287643432617,6.846508979797363,-23.97811508178711,20.192602157592773,66.42230987548828,-107.68072509765624,0.2690154110241953,0.5289991554864181,-40.755889892578125,-4.344837188720703,42.05963516235352,16.07520294189453,543.2312622070312,941.8968530371784,FluxDataKit-v3,0.43542309689164554
CZ-wet,49.02465057373047,14.770350456237791,WET,0.4934065424095175,0.9589423229443118,0.5462627734738692,26.66128031764485,54.03511714183255,85.99164208963617,10.379056904262075,3716,5479.0,Wetland,109.2424774169922,65.38556671142578,-45.46177673339844,13.83936595916748,-43.67410659790039,84.96443939208984,109.1129379272461,41.966888427734375,222.7204742431641,17.392488479614258,-18.182737350463867,103.09207916259766,58.224796295166016,22.399375915527344,248.1219940185547,15.465174674987791,-50.888145446777344,22.783924102783203,25.401500701904297,6.106590270996094,-25.486644744873047,21.958070755004883,63.78070068359375,-107.45480728149414,0.3100450191409719,0.6096808828308838,-43.0876579284668,-0.4326265454292297,43.48775863647461,15.108471870422363,542.2744750976562,743.1600207928568,FluxDataKit-v3,0.471668168646237
NL-Loo,52.166447,5.74355,ENF,0.4951208557508445,0.9684644754838252,0.7970913781771061,26.11984667477244,52.75448685182533,86.01784396168667,10.840160515230329,7685,8401.0,Forest,112.0276870727539,70.7442626953125,-47.618202209472656,7.978149890899658,-49.73409652709961,92.6434097290039,97.2885971069336,41.55677032470703,226.5098876953125,14.822881698608398,-30.966806411743164,114.04207611083984,50.59428405761719,21.841672897338867,254.4369964599609,12.219365119934082,-46.69432067871094,22.274633407592773,27.92709732055664,6.446543216705322,-18.767221450805664,23.94787979125977,64.40948486328125,-114.14358139038086,0.3036561423976927,0.5971176233921985,-43.13057708740234,6.01694917678833,32.14427185058594,16.763137817382812,595.5441284179688,881.3971537165344,FluxDataKit-v3,0.3557464506008423
US-Rwf,43.1207,-116.7231,CSH,0.4953659323835073,1.0711335201849213,0.7417441551759909,34.495894051500706,69.63719504391419,77.24670326338585,8.009152708469673,2338,2557.0,Shrubland,155.95443725585938,79.94612884521484,-74.2083740234375,27.734617233276367,-12.310815811157228,81.19352722167969,94.17528533935548,24.53626251220703,233.2494964599609,29.833534240722656,-7.537466049194336,88.46976470947266,64.19013977050781,16.94801139831543,258.46270751953125,24.368093490600582,-29.98515510559082,14.449849128723145,25.21320343017578,8.184090614318848,-4.771953105926514,11.651822090148926,81.74606323242188,-94.0568790435791,0.446567848130438,0.8781430536971795,,,10.046354293823242,9.52580451965332,697.7276000976562,403.87706249020994,FluxDataKit-v3,0.06852592358031155
US-xBR,44.0639,-71.2873,DBF,0.4986619918283482,1.86427048523448,0.6255113787368106,31.071184481831285,62.309109158106345,86.21406063268635,8.045490063444777,1727,1826.0,Forest,120.4476318359375,57.56288528442383,-43.147220611572266,9.889960289001465,-29.60395240783692,71.82312774658203,120.12339782714844,41.98224258422852,220.24710083007807,19.49124526977539,1.3477983474731443,91.80545806884766,62.12273406982422,21.17136001586914,247.2977294921875,19.2619686126709,-58.00067901611328,24.77396011352539,27.050630569458008,5.0980305671691895,-30.95005226135254,23.49139976501465,77.30041122436523,-106.90436363220216,0.3603957898956827,0.7086919956363754,,,31.25416755676269,14.391036033630373,511.1079406738281,1395.8570559043435,FluxDataKit-v3,0.4967179386695817
CZ-Lnz,48.68155,16.946331,MF,0.5074701046959674,2.281733868732767,0.6171680726344777,24.94406912419421,49.15377062287947,86.00283925262548,13.065288261221738,1869,2192.0,Forest,115.61465454101562,66.5010757446289,-48.04059982299805,14.280567169189451,-37.04084777832031,85.93499755859375,104.10757446289062,37.66621017456055,225.71978759765625,18.889543533325195,-18.34421157836914,98.75100708007812,59.89807891845703,23.422876358032227,251.2305603027344,16.253345489501953,-44.209503173828125,18.106225967407227,25.510780334472656,6.635621547698975,-18.69872283935547,17.097423553466797,67.57405471801758,-104.61490249633788,0.2900377399276702,0.5703380296942445,-30.45284080505371,-0.6246798634529114,46.52447891235352,16.844419479370117,572.8423461914062,694.0226157894358,FluxDataKit-v3,0.3804127862909428
IT-SR2,43.73202,10.29091,ENF,0.5113340863899151,0.4536336159716696,0.8084018162552568,37.73510015284727,73.7973492423749,109.174054019152,16.00535135048198,2719,2922.0,Forest,154.66464233398438,77.7525634765625,-54.88694763183594,11.614089965820312,-13.491260528564451,90.70375061035156,86.98860168457031,24.114940643310547,241.6119384765625,20.34039306640625,0.0487169921398162,102.00780487060548,47.34181213378906,13.264521598815918,267.7190246582031,12.667978286743164,-39.64678955078125,17.2794132232666,26.10708236694336,9.459144592285156,-13.539706230163574,16.132579803466797,99.77769470214844,-113.26895523071288,0.3456416498578273,0.6796790569714902,-18.968647003173828,-0.6760140657424927,231.46458435058597,19.45214080810547,417.1510314941406,1162.5880713108927,FluxDataKit-v3,0.1834714440175175
US-ONA,27.3836,-81.9509,GRA,0.5236011686909877,0.3092407432956959,0.4979417853816701,50.29444904933717,96.05488309942888,133.76552740243017,22.75523481833945,2188,2192.0,Grassland,176.69064331054688,36.26260757446289,-50.21408462524414,12.009944915771484,14.466957092285156,61.3544921875,106.54624938964844,26.54647254943848,253.1771545410156,14.648630142211914,28.518930435180664,65.8713150024414,64.66841125488281,11.210824012756348,281.0010681152344,5.792736530303955,-41.87783432006836,17.823402404785156,27.823915481567383,12.951448440551758,-14.053915977478027,9.786587715148926,126.47655868530272,-112.00960159301758,0.3759896142600896,0.739356112194489,,,493.8807373046875,32.90166473388672,589.8545532226562,1222.0943171996623,FluxDataKit-v3,0.14631131207489428
US-Goo,34.25469970703125,-89.87349700927734,GRA,0.523729650855312,0.6951135963873335,0.5226445762601873,34.65711929693533,66.17368186112087,91.52610216585882,16.824602182858463,1044,1096.0,Grassland,158.38235473632812,52.1030502319336,-49.43362808227539,11.378137588500977,-0.6972970366477966,68.72604370117188,109.48535919189452,25.64888572692871,242.22080993652344,16.562850952148438,19.762819290161133,72.53125762939453,62.22508239746094,16.03769302368164,269.0196228027344,13.955997467041016,-47.26028060913086,14.933343887329102,26.79878807067871,7.680608749389648,-20.46148681640625,10.064044952392578,108.94872665405272,-109.64602369070052,0.3786583114195282,0.7446039102229264,,,292.9130249023437,25.488134384155277,536.6639404296875,1384.7949646878988,FluxDataKit-v3,0.3092088310780244
DE-Geb,51.09973,10.91463,CRO,0.5241363830212962,1.3397310271120029,0.6562033740443316,24.769406602231392,47.25756006376109,68.93281146028207,12.631612869583137,5413,7305.0,Cropland,101.17523193359376,62.03971481323242,-47.50186538696289,12.471236228942873,-52.71896743774414,84.66361236572266,107.7569580078125,46.75262069702149,223.75906372070312,16.296340942382812,-29.641691207885746,104.49153137207033,58.867488861083984,25.941303253173828,249.5717315673828,14.885491371154783,-48.88947677612305,23.34461212158203,25.81266975402832,6.074552059173584,-23.076805114746094,22.88701629638672,53.67336654663086,-106.392333984375,0.3593268006557822,0.7065899063806762,-45.17414855957031,1.8977042436599727,31.19479179382324,15.543648719787598,572.7620849609375,688.2950890576467,FluxDataKit-v3,0.48831986000991773
US-BZB,64.6955,-148.3208,WET,0.5244120050204362,0.3596644515933253,0.6452077549341289,30.36055118154991,57.894462542608586,90.6042902380185,8.850286791907038,2126,4018.0,Wetland,89.3796615600586,74.4948501586914,-43.18942642211914,11.9142427444458,-68.61695098876953,94.8011703491211,79.73689270019531,56.531986236572266,206.6331024169922,18.98245048522949,-54.99555587768555,119.04017639160156,45.74143600463867,30.4432315826416,227.0044860839844,22.55420112609864,-33.995460510253906,30.901079177856445,20.37136650085449,7.2850470542907715,-13.624091148376465,26.49834251403809,46.19023513793945,-114.80718612670898,0.3350895537263456,0.6589291307092238,,,9.322396278381348,10.054231643676758,433.1225280761719,412.0949364732951,FluxDataKit-v3,0.23532632569737638
AU-Tum,-35.65660095214844,148.15170288085938,EBF,0.5273905358524836,0.7355133743494262,0.5391685989770595,49.43874381664761,93.74219000106616,104.31978070495614,10.00358592392214,5607,5844.0,Forest,174.38429260253906,67.57868194580078,-63.0438346862793,12.59047794342041,-0.4416708946228027,82.52576446533203,100.01296997070312,30.78834724426269,245.26483154296875,12.096357345581056,16.791336059570312,88.88703918457031,59.55075454711914,17.47490692138672,268.49444580078125,14.194296836853027,-40.46221923828125,16.694583892822266,23.229585647583008,6.785535335540772,-17.232633590698242,12.61857795715332,111.34045791625977,-111.78212881088255,0.4739153349686711,0.9319198889610896,-12.254119873046877,-21.76790809631348,27.58203125,12.720132827758787,524.0967407226562,1103.8462491706014,FluxDataKit-v3,0.1838300725692695
US-Bo1,40.00619888305664,-88.29039764404297,CRO,0.5274311902946218,0.9395494878767844,0.649183343382077,29.52521676965276,55.979277132169685,85.8992733520533,12.376340890413491,3309,3652.0,Cropland,134.8588409423828,60.80148315429688,-51.56778335571289,11.93171215057373,-18.582887649536133,75.81016540527344,115.48326873779295,30.35178565979004,230.8607635498047,19.76361083984375,0.1844390779733657,85.25231170654297,70.49464416503906,18.745080947875977,257.0799560546875,19.97520637512207,-44.9886360168457,18.95032119750977,26.219215393066406,6.758622646331787,-18.76942253112793,14.989415168762209,83.29105758666992,-101.87394523620604,0.3437190515994859,0.6758984079330945,,,156.9656219482422,19.445018768310547,580.8984375,1065.1733761187645,FluxDataKit-v3,0.33529233481905185
US-Syv,46.242000579833984,-89.34770202636719,MF,0.5316983627047386,2.6919627434750777,0.6800725839253313,36.102506727189855,67.900353394991,90.20502228282172,7.51954273587278,1928,2557.0,Forest,125.12982940673828,69.3388900756836,-41.41230773925781,15.238443374633787,-28.99555969238281,82.68220520019531,109.20690155029295,34.719173431396484,221.6788482666016,20.633525848388672,0.5147546529769897,97.85922241210938,57.19572448730469,19.172243118286133,244.1806488037109,24.2924919128418,-52.01117706298828,22.68672752380371,22.501813888549805,7.270339488983154,-29.50935935974121,18.88249588012696,83.71752166748047,-112.71308135986328,0.4002272358405599,0.7870176245898327,,,58.96953201293945,13.283629417419434,611.9909057617188,880.1237656734884,FluxDataKit-v3,0.43459802319553337
US-Ne3,41.1796989440918,-96.439697265625,CRO,0.5348236944088672,1.4585986808049372,1.0230498056440551,30.5065308460228,57.04035024054276,87.6251018375965,11.265711414920512,3806,4018.0,Cropland,138.58123779296875,63.91776657104492,-55.62894821166992,11.463553428649902,-19.31433868408203,78.60628509521484,110.4503402709961,31.16859245300293,232.4815826416016,19.26090812683105,-4.589947700500488,87.07313537597656,71.99857330322266,17.22608757019043,256.2087707519531,21.85845375061035,-38.45176696777344,19.064552307128903,23.727209091186523,7.666432380676269,-14.724557876586914,14.19438362121582,82.95228958129883,-102.26662826538086,0.3481483068922795,0.6846082149304,,,226.0872344970703,18.093849182128903,579.3859252929688,847.9413134045899,FluxDataKit-v3,0.258142837736664
US-KLS,38.7745,-97.5684,GRA,0.5373354498608606,1.6594066718367495,0.6853764970801282,38.08144468315454,70.87089581194665,95.30294667365908,14.318602962832154,2594,2922.0,Grassland,156.0552978515625,60.089839935302734,-63.21924209594727,9.86561107635498,-6.859917163848877,75.38200378417969,103.2362823486328,27.8033447265625,239.4477996826172,18.49074935913086,4.791634559631348,79.48486328125,66.69315338134766,15.19676685333252,264.3415222167969,20.842817306518555,-36.54312896728516,16.779090881347656,24.89371109008789,8.302827835083008,-11.64941692352295,12.99991226196289,92.83605575561523,-99.69597291946413,0.3995830770433032,0.7857509333677553,,,253.6031188964844,19.38314247131348,634.491943359375,828.2828330993652,FluxDataKit-v3,0.16437518942097548
IT-CA3,42.380001068115234,12.022199630737305,DBF,0.5448361047513806,0.5251520122811781,0.6029305288979304,29.385630396027285,53.93480743981996,70.72453125578029,14.661277650293307,729,731.0,Forest,149.08250427246094,69.19248962402344,-63.08500289916992,12.852299690246582,-16.51905632019043,81.05681610107422,95.64222717285156,29.358631134033203,240.2655487060547,21.62843513488769,-1.9693670272827148,88.17344665527344,59.35939407348633,20.138090133666992,262.000732421875,15.94930362701416,-36.28282165527344,15.871377944946287,21.735225677490234,7.967923164367676,-14.54759693145752,12.427093505859377,85.99750137329102,-102.51655769348145,0.4154941697634172,0.8170389349724267,-15.60026741027832,-6.293878078460693,116.16979217529295,17.55092430114746,469.7438659667969,921.6408559586852,FluxDataKit-v3,0.2697255746706728
US-xKZ,39.1008,-96.5631,GRA,0.5469868157923821,1.857396767756247,0.6525399280187313,45.39200646746893,82.98555862212632,90.01645979191844,13.697971094337552,1734,1826.0,Grassland,150.08055114746094,60.568809509277344,-59.38068771362305,10.1087007522583,-10.13253688812256,76.01792907714844,105.342041015625,29.458993911743164,236.6222076416016,18.47955894470215,4.35464334487915,82.37046813964844,66.74385070800781,15.66252899169922,260.73321533203125,20.419376373291016,-38.59819030761719,17.687652587890625,24.111055374145508,7.745504379272461,-14.487136840820312,12.968564987182615,90.69986343383788,-100.83240032196044,0.5042634044084476,0.9915971507326876,,,269.2674560546875,19.41969490051269,601.9627685546875,927.9920742847024,FluxDataKit-v3,0.17457419196016147
FR-Aur,43.54965,1.106103,CRO,0.5603167057043558,1.4125470193329503,0.5980019345764345,28.02510337754933,50.0165408102903,71.27130429629689,13.47082634375195,5616,5844.0,Cropland,134.95738220214844,60.76100158691406,-50.32951736450195,10.349255561828612,-26.800291061401367,77.88662719726562,106.82640838623048,36.42814636230469,235.082260131836,17.112409591674805,-4.793939590454102,91.11842346191406,61.42348098754883,22.41768264770508,258.48272705078125,13.14467430114746,-45.40293884277344,17.3554744720459,23.40049362182617,7.15205192565918,-22.002445220947266,17.367565155029297,84.62786483764648,-111.42815589904784,0.3932172092858059,0.7732329194189133,-33.9433708190918,-8.60599136352539,73.25390625,18.40064811706543,489.3122253417969,824.9730779789388,FluxDataKit-v3,0.4399033772527613
US-ARM,36.6058,-97.4888,CRO,0.5638424022372384,1.561014100991027,0.758710416200685,42.00946948824118,74.50569400519397,99.85325918795488,15.846310441825668,5715,6575.0,Cropland,159.91854858398438,57.08463287353516,-63.90979766845703,10.77980136871338,-5.318638324737549,72.35221862792969,104.77720642089844,26.74736785888672,244.1259613037109,18.18495750427246,7.217226028442383,75.01266479492188,68.23501586914062,15.355588912963867,268.1282958984375,18.5883903503418,-36.542179107666016,16.57538414001465,24.00235939025879,8.181819915771484,-12.53981876373291,12.32979965209961,96.00875091552734,-101.32738924026488,0.4207120511626596,0.8272995176026882,,,269.54217529296875,21.40290069580078,630.9015502929688,813.7790078762919,FluxDataKit-v3,0.16830685132412468
IT-BFt,45.197754,10.741966,DBF,0.5652792143023748,0.7373317817485568,0.5708591479992069,42.36621424197715,74.94741212846884,92.76652876607815,15.188214552021485,730,731.0,Forest,132.68788146972656,66.35639190673828,-46.47450637817383,12.356483459472656,-25.294368743896484,84.16426086425781,99.94293212890624,34.863712310791016,231.702377319336,18.157855987548828,-11.266301155090332,90.9183578491211,61.37638092041016,22.722257614135746,256.24249267578125,18.28490257263184,-38.56655883789063,16.58308982849121,24.54009437561035,6.519928455352783,-14.026463508605955,13.295071601867676,86.21337509155273,-111.50774383544922,0.4566972032424388,0.8980616906238517,-14.449469566345217,-6.275228977203369,139.41770935058594,20.114782333374023,392.6674499511719,996.9373175408692,FluxDataKit-v3,0.1871507382344692
US-Bi2,38.1091,-121.5351,CRO,0.5659902205149764,2.07706254108404,0.656401654349504,50.67643724313319,89.53588844171959,117.40518667263042,15.209610648432427,1812,1826.0,Cropland,182.84825134277344,77.48599243164062,-82.94524383544922,24.26352310180664,-3.1284122467041016,77.3818588256836,81.81661987304688,17.62238121032715,257.1395874023437,28.415586471557617,-0.2977011203765869,79.12359619140625,61.39570999145508,17.496355056762695,274.7258605957031,18.82968521118164,-20.420907974243164,14.646413803100586,17.586288452148438,10.863920211791992,-2.8346197605133057,8.059957504272461,99.90300750732422,-103.03141975402832,0.4316371250653351,0.8487828774077599,,,5.843489646911621,15.492157936096191,406.3092346191406,453.3437348436564,FluxDataKit-v3,0.03165903426935231
US-xST,45.5089,-89.5864,DBF,0.5682664426563564,2.484165275238519,0.4963615722862897,37.62503286082022,66.21019654960152,87.06463411020555,8.648526711674398,1503,1826.0,Forest,126.6446533203125,64.37366485595703,-47.0692138671875,10.960992813110352,-27.21245765686035,78.71700286865234,110.59778594970705,36.76033401489258,222.97645568847656,20.28012466430664,-1.071481227874756,92.52468872070312,61.752174377441406,19.887964248657227,245.6807556152344,22.458850860595703,-48.845611572265625,21.308008193969727,22.70429420471192,5.8638916015625,-26.14131736755371,17.721349716186523,79.575439453125,-106.78789710998537,0.43215058841452,0.8497925655778834,,,67.29192352294922,13.884190559387209,616.5718994140625,842.6009700633585,FluxDataKit-v3,0.39482313495278454
CN-Cha,42.40250015258789,128.09579467773438,MF,0.5729018778066194,2.060755211507175,0.7512404072564984,24.32077662994176,42.4519059407781,88.85831432145064,8.401139634130958,876,1096.0,Forest,136.16644287109375,45.93185424804688,-56.282188415527344,11.822487831115724,-11.181500434875488,65.93949890136719,109.50984954833984,46.02437210083008,221.0617828369141,16.270986557006836,16.07183837890625,82.20394134521484,60.15514373779297,20.33287048339844,243.1614227294922,23.54619026184082,-49.35471725463867,28.28462028503418,22.09963798522949,9.875205993652344,-27.25508117675781,19.81402969360352,79.8842544555664,-91.0657548904419,0.2737028809927656,0.538216722782288,-46.13873291015625,-9.432666778564451,49.114845275878906,12.051782608032228,587.0951538085938,990.2510954998434,FluxDataKit-v3,0.6420225564143011
FI-Lom,67.99720001220703,24.20918083190918,WET,0.5768186119518975,0.4435387777975623,0.6781679867297955,21.29996241791033,36.926621257648655,51.70048752972652,7.234315277833494,551,1096.0,Wetland,73.59180450439453,68.74673461914062,-38.92467498779297,10.474397659301758,-89.07144927978516,90.51236724853516,85.65648651123047,65.9927978515625,209.6020355224609,20.04735946655273,-72.35491180419922,120.87660217285156,48.48512268066406,36.73734664916992,230.0532684326172,21.22699737548828,-37.17136764526367,33.641841888427734,20.45122718811035,4.83637285232544,-16.72014045715332,32.3864860534668,34.66712951660156,-123.73857879638672,0.4119876510963919,0.8101436221481851,-58.03776168823242,16.629230499267578,10.506771087646484,10.146617889404297,476.8501281738281,682.2774722240865,FluxDataKit-v3,0.4527936726323169
US-Rms,43.0645,-116.7486,CSH,0.5790872747201244,0.9620153529517688,0.9769693005843698,32.74341267505768,56.543139703566645,90.89559077207105,6.866893833614713,2284,2557.0,Shrubland,155.95443725585938,79.94612884521484,-74.2083740234375,27.734617233276367,-12.310815811157228,81.19352722167969,94.17528533935548,24.53626251220703,233.2494964599609,29.833534240722656,-7.537466049194336,88.46976470947266,64.19013977050781,16.94801139831543,258.46270751953125,24.368093490600582,-29.98515510559082,14.449849128723145,25.21320343017578,8.184090614318848,-4.771953105926514,11.651822090148926,81.74606323242188,-94.0568790435791,0.3602310342771714,0.708368015747185,,,10.046354293823242,9.52580451965332,697.7276000976562,403.87706249020994,FluxDataKit-v3,0.08439490857677837
HU-Bug,46.69110107421875,19.601299285888672,GRA,0.5808946114648208,0.7689623668173754,0.5710005088370902,27.422161515443904,47.20677550493099,78.09249856746392,11.566148464768045,1278,1461.0,Grassland,125.4270248413086,67.41368865966797,-53.5872917175293,15.204024314880373,-28.267372131347656,84.34602355957031,100.510986328125,33.75094985961914,229.64163208007807,20.945152282714844,-14.03197956085205,95.128662109375,61.47749710083008,21.7974853515625,254.4367218017578,17.12832260131836,-39.03349304199219,16.38820457458496,24.79509735107422,7.172183036804199,-14.238396644592283,15.268754959106444,71.8397331237793,-100.10710525512695,0.3511497521334135,0.6905103377558309,-23.211444854736328,0.6197586059570312,62.36901092529297,18.3514404296875,505.2484436035156,652.8898619581014,FluxDataKit-v3,0.30161764899839455
US-xTR,45.4937,-89.5857,DBF,0.6106086868977127,2.1245073190906987,0.564779844383877,42.6195346448564,69.79844139033005,86.71775367963599,8.25297129246832,1553,1826.0,Forest,126.6446533203125,64.37366485595703,-47.0692138671875,10.960992813110352,-27.21245765686035,78.71700286865234,110.59778594970705,36.76033401489258,222.97645568847656,20.28012466430664,-1.071481227874756,92.52468872070312,61.752174377441406,19.887964248657227,245.6807556152344,22.458850860595703,-48.845611572265625,21.308008193969727,22.70429420471192,5.8638916015625,-26.14131736755371,17.721349716186523,79.575439453125,-106.78789710998537,0.4914741542119164,0.9664480244149356,,,67.29192352294922,13.884190559387209,616.5718994140625,842.6009700633585,FluxDataKit-v3,0.37452580382655015
IT-Non,44.690189361572266,11.091090202331545,MF,0.61667016520517,1.1904897082715018,0.6588155491491433,30.19796825013459,48.96940042508386,105.49744138727112,17.0476345901281,244,365.0,Forest,137.91571044921875,69.69535827636719,-56.55240631103516,13.430611610412598,-23.368513107299805,84.27655792236328,97.84170532226562,30.19642448425293,236.289779663086,20.94354248046875,-10.601672172546388,90.89466857910156,61.03761672973633,22.387371063232425,260.3241271972656,15.665592193603516,-36.8040885925293,14.436616897583008,24.03435707092285,7.731504917144775,-12.769725799560549,11.677268028259276,81.3633041381836,-104.7318172454834,0.2862436079305536,0.5628771462651604,-14.735366821289062,-4.262693405151367,111.94817352294922,20.31819725036621,434.6261596679688,810.6375194620341,FluxDataKit-v3,0.26076949459686344
CN-Dan,30.497800827026367,91.06639862060548,GRA,0.6227010441970675,1.9610397069011136,0.9246988137577196,32.14198330960482,51.6170377569381,73.00891807319667,3.251498389563962,646,731.0,Grassland,166.92384338378906,33.14907455444336,-81.80139923095703,18.34112930297852,16.18686294555664,50.632354736328125,135.17227172851562,41.52866744995117,213.438232421875,13.734408378601074,51.30390167236328,67.1007308959961,69.69544982910156,14.564811706542969,243.7999725341797,17.758167266845703,-65.4768295288086,32.568336486816406,30.36173439025879,17.43353271484375,-35.11509323120117,20.97050094604492,85.12244415283203,-68.93558120727539,0.4402473582388959,0.8657142720071018,-46.57239532470703,-12.817072868347168,134.98281860351562,5.12864875793457,508.1959533691406,934.4637137837708,FluxDataKit-v3,0.6803004348400674
AU-DaS,-14.159282684326172,131.38800048828125,SAV,0.6259702230261538,0.818012215749753,0.6038128199668547,52.24862546310965,83.46822826575033,140.72776404232806,26.922700942139013,2489,2922.0,Savanna,214.06460571289065,22.40262794494629,-73.97740173339844,26.59241104125977,46.17688751220703,58.81571960449219,94.68126678466795,31.70566749572754,262.3167419433594,37.37912368774414,41.63231658935547,54.22412490844727,66.97769927978516,9.169772148132324,294.5623474121094,9.655908584594728,-27.703554153442383,25.236888885498047,32.24560546875,29.35725212097168,4.542054653167725,9.608146667480469,140.0872039794922,-93.91031646728516,0.3712744661202342,0.7300841177965454,0.8735795021057129,13.101903915405272,386.3473815917969,35.96556091308594,747.9188842773438,1072.9590256232768,FluxDataKit-v3,0.05441656960426312
CZ-Stn,49.035975,17.9699,DBF,0.6342737739341678,1.9001358233276904,0.709389354597299,27.6133037824471,43.53530749217628,93.11672619024884,12.521958719554602,2811,4018.0,Forest,108.1945343017578,65.34730529785156,-45.49518585205078,13.947028160095217,-44.16574096679688,85.3008041381836,108.6566925048828,41.38825607299805,223.66995239257807,17.85195541381836,-19.43531990051269,102.4670181274414,58.96902847290039,22.705366134643555,248.6300201416016,15.7514066696167,-49.68765258789063,21.948728561401367,24.960073471069336,6.304646015167236,-24.72758102416992,21.01715850830078,62.69934844970703,-106.8650894165039,0.296545045258891,0.5831341703004735,-41.57182312011719,-0.8398911356925964,47.81953048706055,15.451859474182127,515.8671875,860.5596167035401,FluxDataKit-v3,0.5679891207524768
DE-Bay,50.14194107055664,11.866939544677734,ENF,0.6386771917620937,1.091848766485544,0.8890569265723824,33.01873899261163,51.69863495753432,111.04578955501827,11.583262093689466,553,1095.0,Forest,103.8559341430664,63.67745590209961,-44.98605346679688,13.687323570251465,-48.67863464355469,85.13097381591797,109.54161071777344,44.63593292236328,222.640625,16.56945037841797,-20.87188148498535,105.67330169677734,55.83741760253906,22.620922088623047,248.53298950195312,14.621174812316896,-53.70418548583984,24.451961517333984,25.89238166809082,6.125568389892578,-27.811805725097656,23.82149887084961,58.86988067626953,-107.54851531982422,0.2973434573694692,0.584704189395729,-49.7963981628418,-1.123809814453125,34.071876525878906,14.178255081176758,565.0484619140625,932.2851698379964,FluxDataKit-v3,0.5379601559681895
US-xKA,39.1104,-96.6129,GRA,0.6433603949316372,1.1201814291266838,0.8549300649302082,50.0744130702303,77.83260123674718,89.35507950950674,14.322801178151936,1760,1826.0,Grassland,150.08055114746094,60.568809509277344,-59.38068771362305,10.1087007522583,-10.13253688812256,76.01792907714844,105.342041015625,29.458993911743164,236.6222076416016,18.47955894470215,4.35464334487915,82.37046813964844,66.74385070800781,15.66252899169922,260.73321533203125,20.419376373291016,-38.59819030761719,17.687652587890625,24.111055374145508,7.745504379272461,-14.487136840820312,12.968564987182615,90.69986343383788,-100.83240032196044,0.5603980584551183,1.101981847546731,,,269.2674560546875,19.41969490051269,601.9627685546875,927.9920742847024,FluxDataKit-v3,0.18613198853208168
US-MMS,39.3232,-86.4131,DBF,0.6544642937010189,2.8635368533638297,0.7869784115368932,47.25320982864622,72.2013565651193,105.75946127912523,14.235158552866244,5431,8036.0,Forest,137.92796325683594,58.68067169189453,-49.3267707824707,10.487165451049805,-15.84897232055664,73.62383270263672,115.61875915527344,30.1342887878418,232.06381225585932,19.55813407897949,3.705057382583618,80.94181823730469,69.45707702636719,18.89886474609375,258.66925048828125,19.05133628845215,-46.16169738769531,16.91546630859375,26.605445861816406,6.781774520874023,-19.55625343322754,13.17392921447754,88.60119247436523,-104.45016479492188,0.4467988892637546,0.8785973792093937,,,146.4192657470703,19.91272354125977,577.9400024414062,1173.0047152377665,FluxDataKit-v3,0.27085714678490164
FR-Tou,43.572857,1.37474,GRA,0.6606942477278858,1.5165774418727482,0.5922599964818756,37.088343792108994,56.135411984673794,81.53531042885407,14.733922753994529,1095,1096.0,Grassland,134.95738220214844,60.76100158691406,-50.32951736450195,10.349255561828612,-26.800291061401367,77.88662719726562,106.82640838623048,36.42814636230469,235.082260131836,17.112409591674805,-4.793939590454102,91.11842346191406,61.42348098754883,22.41768264770508,258.48272705078125,13.14467430114746,-45.40293884277344,17.3554744720459,23.40049362182617,7.15205192565918,-22.002445220947266,17.367565155029297,84.62786483764648,-111.42815589904784,0.4548746254479704,0.8944777245216444,-33.9433708190918,-8.60599136352539,72.7890625,18.448610305786133,505.9207153320313,808.4256621077657,FluxDataKit-v3,0.3919530371836305
CA-Ca1,49.8673,-125.3336,ENF,0.6643039070849931,0.9099227934806414,1.0341112486238295,32.16503701549473,48.41915977378022,81.40758256594971,12.831301134611095,4491,5479.0,Forest,123.2424545288086,76.02489471435547,-43.89413070678711,10.334586143493652,-34.13883209228516,88.00364685058594,100.86959075927734,38.45816040039063,221.438217163086,21.57464027404785,-9.719732284545898,116.92957305908205,42.45783233642578,14.113414764404297,255.43118286132807,12.204648971557615,-58.4117546081543,28.12261962890625,33.99296188354492,11.775673866271973,-24.41879844665528,32.29859924316406,79.34832382202148,-113.48715591430664,0.3951110695301297,0.7769570572519184,,,18.30182266235352,13.4822416305542,346.5571594238281,2119.7111066430807,FluxDataKit-v3,0.504320986996525
FR-LBr,44.71710968017578,-0.7692999839782715,ENF,0.664605561809178,0.809180437826745,0.7618011465124506,40.84467447982569,61.45701575027301,90.36950319104986,13.326471165946357,2134,2192.0,Forest,134.52691650390625,63.28048324584961,-49.39058303833008,9.608003616333008,-27.415802001953125,80.49178314208984,103.03038024902344,36.25371551513672,235.14540100097656,17.00848388671875,-5.006877422332764,97.11878967285156,55.30624008178711,18.74034118652344,260.4596862792969,13.010339736938477,-47.72413635253906,20.18277931213379,25.31428909301757,7.213904857635498,-22.40984535217285,20.449462890625,85.13633346557617,-112.5521354675293,0.4519740956578693,0.8887740445592771,,,53.06510543823242,19.04222297668457,548.0656127929688,817.3063199501485,FluxDataKit-v3,0.3646425892730286
US-xSB,29.6893,-81.9934,ENF,0.6894441721770748,0.4266448762608911,0.6838366012760007,64.44179341047686,93.46919737821185,114.70005712477511,21.370325781998705,1659,1826.0,Forest,178.06900024414062,42.49630355834961,-49.83169937133789,13.977410316467283,14.77565860748291,64.90371704101562,102.87006378173828,25.797119140625,250.38363647460932,12.492338180541992,31.842777252197266,70.03064727783203,56.983489990234375,12.954930305480955,279.2030639648437,7.426917552947998,-45.88657760620117,17.039918899536133,28.81946563720703,10.86972713470459,-17.06711196899414,11.549393653869627,128.2373008728027,-113.46164226531982,0.5618287821807674,1.1047952612456755,,,409.1973876953125,30.777210235595703,565.0457153320312,1063.080410240218,FluxDataKit-v3,0.18259611131498357
IT-CA2,42.377220153808594,12.026040077209473,CRO,0.6961079100571094,1.542151253112289,0.6875180330488555,33.09174011733623,47.538233137763584,82.30503608723218,14.703808530171733,730,731.0,Cropland,149.08250427246094,69.19248962402344,-63.08500289916992,12.852299690246582,-16.51905632019043,81.05681610107422,95.64222717285156,29.358631134033203,240.2655487060547,21.62843513488769,-1.9693670272827148,88.17344665527344,59.35939407348633,20.138090133666992,262.000732421875,15.94930362701416,-36.28282165527344,15.871377944946287,21.735225677490234,7.967923164367676,-14.54759693145752,12.427093505859377,85.99750137329102,-102.51655769348145,0.4020621542801277,0.7906258576692028,-15.60026741027832,-6.293878078460693,116.16979217529295,17.55092430114746,469.7438659667969,921.6408559586852,FluxDataKit-v3,0.30601888146114437
IT-CA1,42.380409240722656,12.026559829711914,DBF,0.6967270109407834,1.0251354057011124,0.7181363475029616,36.437856142413466,52.29861275682681,103.856405466864,16.52761452703241,549,731.0,Forest,149.08250427246094,69.19248962402344,-63.08500289916992,12.852299690246582,-16.51905632019043,81.05681610107422,95.64222717285156,29.358631134033203,240.2655487060547,21.62843513488769,-1.9693670272827148,88.17344665527344,59.35939407348633,20.138090133666992,262.000732421875,15.94930362701416,-36.28282165527344,15.871377944946287,21.735225677490234,7.967923164367676,-14.54759693145752,12.427093505859377,85.99750137329102,-102.51655769348145,0.3508484236346806,0.6899177972736824,-15.60026741027832,-6.293878078460693,116.16979217529295,17.55092430114746,469.7438659667969,921.6408559586852,FluxDataKit-v3,0.2781641073177136
DE-Meh,51.27531051635742,10.65546989440918,MF,0.6978403013958036,0.8232542495641879,0.7834964989728823,33.59617813168689,48.14307523438904,77.69396011513615,12.535551713108472,702,1096.0,Forest,101.17523193359376,62.03971481323242,-47.50186538696289,12.471236228942873,-52.71896743774414,84.66361236572266,107.7569580078125,46.75262069702149,223.75906372070312,16.296340942382812,-29.641691207885746,104.49153137207033,58.867488861083984,25.941303253173828,249.5717315673828,14.885491371154783,-48.88947677612305,23.34461212158203,25.81266975402832,6.074552059173584,-23.076805114746094,22.88701629638672,53.67336654663086,-106.392333984375,0.4324168581688986,0.8503161656001333,-45.17414855957031,1.8977042436599727,31.27682304382324,15.3458251953125,573.8093872070312,663.5167967760935,FluxDataKit-v3,0.4793379941433845
AU-Sam,-27.38809967041016,152.8778076171875,GRA,0.699282551268509,0.7945310097052932,0.686886397877968,49.28776516296339,70.4833333443751,119.1084727707491,19.41879571559976,2375,2557.0,Grassland,184.571517944336,44.14606857299805,-67.0827407836914,13.99728775024414,5.747714042663574,64.67241668701172,105.1521453857422,35.403865814208984,261.2958984375,10.548004150390623,28.54804229736328,76.4401626586914,61.085975646972656,14.307153701782228,282.563232421875,8.232712745666504,-44.06617736816406,23.64165306091309,21.26734733581543,9.563560485839844,-22.798828125,16.48496437072754,117.48877716064452,-111.74106311798096,0.4138057017810035,0.8137186860195429,-9.113554954528809,-39.5954475402832,111.58151245117188,25.2724723815918,597.3065185546875,922.1963910385966,FluxDataKit-v3,0.3234641019829045
RU-Fy2,56.447603,32.901878,ENF,0.7050617305792165,1.9248999542956533,0.6629894706184166,47.69797109858204,67.65077301727551,100.14281757289147,10.270258639874632,1481,2192.0,Forest,95.67965698242188,70.98681640625,-40.12981414794922,14.611966133117676,-63.02182388305664,89.25529479980469,98.65894317626952,48.54340744018555,219.2825927734375,20.022565841674805,-36.928749084472656,110.81502532958984,50.84234619140625,26.122568130493164,241.00735473632807,19.129756927490234,-47.816593170166016,25.35228729248047,21.724760055541992,5.333451271057129,-26.091835021972656,24.79458999633789,55.549842834472656,-118.5716667175293,0.4762994716407281,0.9366081195768774,-48.31744766235352,3.1660830974578857,37.45442581176758,13.425780296325684,592.5836181640625,809.0450195595622,FluxDataKit-v3,0.38568421110738477
CA-Qcu,49.2670783996582,-74.03652954101561,ENF,0.7072239891661015,0.5565438915549079,0.7223072026583135,27.67861143312708,39.13698044344246,87.29617617113068,8.035307965134152,1221,1826.0,Forest,110.49252319335938,67.98575592041016,-37.76885986328125,11.121827125549316,-38.72602844238281,81.28128814697266,113.23883819580078,41.94921875,213.6600646972656,21.106779098510746,-8.333715438842773,102.6867218017578,60.475955963134766,23.06728744506836,236.0337371826172,24.81853675842285,-52.76287841796875,28.423940658569336,22.3736629486084,5.8500752449035645,-30.389219284057617,24.750661849975582,72.72366333007812,-111.44969177246094,0.3170655651499263,0.6234862737400924,,,17.6640625,11.71495246887207,639.453369140625,1056.2738520093262,FluxDataKit-v3,0.7764834930986465
US-MOz,38.7441,-92.2,DBF,0.7078698540150299,2.373356950300622,0.9924727771655122,52.4794570301459,74.13715491976811,105.59271866257234,14.000643697750004,5498,5844.0,Forest,147.61553955078125,57.35615921020508,-52.41386413574219,9.934792518615724,-10.167835235595703,73.08407592773438,110.07429504394533,30.429349899291992,235.92794799804688,18.27540397644043,8.591446876525879,78.5044174194336,65.07038116455078,17.611440658569336,262.16583251953125,18.98490524291992,-45.00392150878906,17.412443161010742,26.237831115722656,7.6638617515563965,-18.766090393066406,12.580629348754885,95.20167541503906,-105.36951065063477,0.4969988243019583,0.9773118845962036,,,215.62786865234372,20.705753326416016,576.4024658203125,1065.1385330129417,FluxDataKit-v3,0.25312665981551674
US-xUN,46.2339,-89.5373,MF,0.7092327080441541,2.769913455365713,0.8693808853989972,41.6556929331488,58.733462882757344,84.68267083249498,7.865106230476519,1497,1826.0,Forest,125.12982940673828,69.3388900756836,-41.41230773925781,15.238443374633787,-28.99555969238281,82.68220520019531,109.20690155029295,34.719173431396484,221.6788482666016,20.633525848388672,0.5147546529769897,97.85922241210938,57.19572448730469,19.172243118286133,244.1806488037109,24.2924919128418,-52.01117706298828,22.68672752380371,22.501813888549805,7.270339488983154,-29.50935935974121,18.88249588012696,83.71752166748047,-112.71308135986328,0.4919033909020783,0.967292087012446,,,60.778907775878906,13.318342208862305,609.9984130859375,885.9905798453838,FluxDataKit-v3,0.5024283927996421
US-xML,37.3783,-80.5248,DBF,0.714142667197689,1.3151362972458054,0.8501098367333008,39.256616502846256,54.97027177621252,90.51331188477512,10.155662804204136,1629,1826.0,Forest,144.7572479248047,50.52327728271485,-50.488746643066406,10.590494155883787,-10.291693687438965,66.64488983154297,117.8001708984375,32.932106018066406,232.237548828125,16.781526565551758,17.65203094482422,78.31721496582031,62.79951477050781,18.46142768859864,259.2945251464844,14.633659362792969,-55.00064849853516,17.362110137939453,27.05698013305664,6.328988552093506,-27.94367027282715,15.296655654907228,94.26850128173828,-104.56019496917725,0.433710972291242,0.8528609464928575,,,84.07395935058594,18.03017807006836,558.8998413085938,1079.2637581471354,FluxDataKit-v3,0.5083414975022793
US-xNG,46.7697,-100.9154,GRA,0.7159267272259022,1.734671802153432,0.6049948478828615,38.48896528439057,53.76103981133509,83.838419919941,9.600696982044306,1475,1826.0,Grassland,127.57466888427734,74.83551788330078,-54.50740051269531,15.731612205505373,-31.08171844482422,86.17598724365234,106.87842559814452,33.85956573486328,226.09556579589844,22.68847846984864,-19.84103775024414,100.21501159667967,72.9091796875,21.678485870361328,248.8206024169922,23.81046295166016,-33.9692497253418,21.21042251586914,22.725032806396484,5.637485027313232,-11.244216918945312,18.31365203857422,73.06726837158203,-104.14898681640624,0.4590850509962432,0.9027572188108188,,,107.44739532470705,13.54799747467041,571.332275390625,554.7151196515188,FluxDataKit-v3,0.20915177530800955
US-ICt,68.6063,-149.3041,OSH,0.7167511917875458,0.8421729061662804,0.9027101395438568,32.593792298542986,45.47434684727278,85.40221366183629,5.098459768987661,2158,5479.0,Shrubland,62.09526443481445,66.1818618774414,-45.30322265625,8.934037208557129,-95.32708740234376,86.5584945678711,95.59366607666016,74.2569808959961,202.77407836914065,19.94131660461425,-83.91482543945312,110.7252960205078,69.4986801147461,57.40804672241211,217.4560089111328,23.667774200439453,-26.094989776611328,30.92461204528809,14.6819486618042,6.731945514678955,-11.413039207458496,27.05357360839844,16.792041778564453,-112.1191291809082,0.3816504385659524,0.7504877096957528,,,4.468229293823242,6.057953834533691,199.67222595214844,549.1630831966177,FluxDataKit-v3,0.25097752906247556
DE-Obe,50.786659240722656,13.72128963470459,ENF,0.7246341196494935,1.5360312946286596,0.893562041096069,42.85420039225328,59.13908720304519,91.51600663450516,9.795720787976707,3301,4749.0,Forest,102.85603332519533,62.44528579711914,-46.6266975402832,13.438018798828123,-48.97403335571289,84.27885437011719,109.96884155273438,45.16421508789063,222.50271606445312,16.614200592041016,-22.394086837768555,105.04784393310548,57.66546249389648,22.96205711364746,248.2275238037109,15.234984397888184,-52.30338287353516,24.62090301513672,25.72480201721192,6.153929233551025,-26.578577041625977,23.85729217529297,56.22933578491211,-105.203369140625,0.4682699996231647,0.9208187493689718,-48.77754592895508,0.2895413935184479,36.70911407470703,14.487906455993652,523.2527465820312,865.9115177579224,FluxDataKit-v3,0.4494248778370964
US-Ro4,44.6781,-93.0723,GRA,0.7251589839093578,1.9208630636336987,0.8618639434038791,36.41593090455392,50.217858031950925,79.85559478889411,9.597908208651637,2570,2922.0,Grassland,125.47517395019533,67.41458892822266,-50.87247467041016,12.046003341674805,-30.28612327575684,81.00703430175781,114.14099884033205,34.127872467041016,226.9146728515625,20.89365005493164,-12.554998397827148,95.54048919677734,72.80475616455078,21.59616470336914,250.521224975586,23.604984283447266,-41.336238861083984,24.644102096557617,23.606557846069336,7.2905049324035645,-17.729679107666016,20.066858291625977,74.60269927978516,-104.888822555542,0.4560222862383394,0.8967345156347584,,,117.87004852294922,15.982901573181152,592.1942749023438,879.2882959824055,FluxDataKit-v3,0.3530552636551239
US-NGC,64.8618,-163.7002,GRA,0.7342335508456918,0.4519212937523315,1.2410870685794058,28.058168094761893,38.214227696956144,57.77475652426531,2.775595027318858,881,1095.0,Grassland,80.10135650634766,71.5134506225586,-47.15034484863281,7.874764442443848,-83.30947875976562,95.84552001953124,88.53744506835938,61.3144645690918,212.51638793945312,15.93496799468994,-66.85882568359375,130.56796264648438,51.77814865112305,40.13808059692383,232.8275451660156,20.696569442749023,-36.7593002319336,42.37176132202149,20.311153411865234,8.778383255004883,-16.448144912719727,38.80071258544922,32.951011657714844,-116.26049041748048,0.4856475350610522,0.954990403461499,,,5.344270706176758,9.361559867858888,352.9917907714844,675.64342985861,FluxDataKit-v3,0.43041939884682956
US-xRM,40.2759,-105.5459,ENF,0.738076821525937,1.1046385603616202,1.010486583341864,46.33748092118741,62.78137934935686,90.6845952263492,5.285000260060008,1821,1826.0,Forest,151.67056274414062,60.34901428222656,-79.84113311767578,12.706049919128418,-9.655288696289062,70.16608428955078,112.9595947265625,36.385501861572266,224.45120239257807,18.5706844329834,11.55972385406494,86.8482666015625,63.13175964355469,15.2346773147583,253.0672149658203,21.324871063232425,-49.82783126831055,24.31688117980957,28.61602783203125,6.757352352142334,-21.211803436279297,20.390735626220703,71.82942962646484,-81.4847183227539,0.5109741164475492,1.0047932757720743,,,75.64167022705078,7.169005393981934,593.8485717773438,883.6379903368652,FluxDataKit-v3,0.3378677508540053
FR-Bil,44.49389,-0.95594,ENF,0.7464998486594321,1.094325105022118,0.7471686051749212,48.12856889930766,64.47230898403686,103.85283749351922,14.451743877221306,2421,2557.0,Forest,134.52691650390625,63.28048324584961,-49.39058303833008,9.608003616333008,-27.415802001953125,80.49178314208984,103.03038024902344,36.25371551513672,235.14540100097656,17.00848388671875,-5.006877422332764,97.11878967285156,55.30624008178711,18.74034118652344,260.4596862792969,13.010339736938477,-47.72413635253906,20.18277931213379,25.31428909301757,7.213904857635498,-22.40984535217285,20.449462890625,85.13633346557617,-112.5521354675293,0.4634304662336361,0.9113021604632952,,,59.54036331176758,19.302663803100582,535.222412109375,838.3397432044148,FluxDataKit-v3,0.3475886889318864
DE-Hai,51.079407,10.452089,DBF,0.7479291912317474,1.2670135561513236,0.7950938248835577,38.78193997335936,51.85242189770702,87.16604891700457,11.52720089305841,5257,7671.0,Forest,101.17523193359376,62.03971481323242,-47.50186538696289,12.471236228942873,-52.71896743774414,84.66361236572266,107.7569580078125,46.75262069702149,223.75906372070312,16.296340942382812,-29.641691207885746,104.49153137207033,58.867488861083984,25.941303253173828,249.5717315673828,14.885491371154783,-48.88947677612305,23.34461212158203,25.81266975402832,6.074552059173584,-23.076805114746094,22.88701629638672,53.67336654663086,-106.392333984375,0.4449202465318315,0.874903165502958,-45.17414855957031,1.8977042436599727,33.05260467529297,15.122900009155272,573.9756469726562,734.2213194351643,FluxDataKit-v3,0.4450477773298875
AU-Cum,-33.61329650878906,150.72247314453125,EBF,0.7490756378075616,0.7463001339828225,0.8404479635230744,64.00052177405327,85.43933154917939,126.55782925561796,18.61634532480792,1886,2191.0,Forest,170.5819091796875,52.04767608642578,-65.96200561523438,13.82359218597412,-3.2178423404693604,72.22769165039062,106.0041961669922,41.397735595703125,249.42730712890625,9.183428764343262,26.43192481994629,89.537841796875,53.66679382324219,15.173511505126951,272.11492919921875,10.085585594177246,-52.33740234375,28.12980079650879,22.68762969970703,7.821450233459473,-29.649770736694336,21.94153594970703,104.61990356445312,-107.83774590492249,0.5057017977511831,0.994425646173404,-9.190146446228027,-53.047760009765625,61.18828201293945,19.781457901000977,599.0971069335938,874.4034625124186,FluxDataKit-v3,0.34702718524462883
CA-Cbo,44.3167,-79.9333,DBF,0.7567610059330383,2.9392466532204,1.0086085520827943,44.466332828008,58.7587527361876,99.3445946856643,9.519590799979914,7971,9862.0,Forest,123.78719329833984,70.24795532226562,-43.353248596191406,17.419469833374023,-29.176830291748047,81.58460235595703,115.75167846679688,31.97232437133789,224.1962432861328,21.51011085510254,-6.262068748474121,98.32644653320312,67.78296661376953,21.64209747314453,249.24562072753903,23.605762481689453,-47.96870040893555,24.3273983001709,25.04940223693848,6.351200103759766,-22.91929626464844,21.123538970947266,80.43394470214844,-109.61077499389648,0.4475969021636626,0.8801666132860266,,,40.25885391235352,14.956327438354492,618.2191162109375,928.1574515625834,FluxDataKit-v3,0.39005756925356233
US-ARc,35.5465,-98.04,GRA,0.774939905409843,1.9250710609280168,1.2637994108968564,48.32147111114683,62.35512040845415,102.8901913045087,15.894655004694403,718,730.0,Grassland,165.96482849121094,56.68195343017578,-68.73002624511719,11.356202125549316,-2.6584088802337646,70.86177062988281,103.22044372558594,25.54507637023925,246.7771453857422,18.082107543945312,9.744461059570312,73.47328186035156,67.61660766601562,14.530728340148926,269.9757995605469,17.971477508544922,-35.60383224487305,16.470928192138672,23.19865608215332,8.15634822845459,-12.40517807006836,12.199563026428224,97.23480224609376,-99.89321112632751,0.4696411824926731,0.9235150803234916,,,264.3591003417969,21.16937065124512,644.5669555664062,751.1168264318258,FluxDataKit-v3,0.19894401596547084
DE-Wet,50.45349884033203,11.45753002166748,ENF,0.7754735239240274,1.5827807003941314,0.9460637994084942,41.81988942368406,53.928197589607365,105.08269491035529,10.449670232225754,1147,1826.0,Forest,103.8559341430664,63.67745590209961,-44.98605346679688,13.687323570251465,-48.67863464355469,85.13097381591797,109.54161071777344,44.63593292236328,222.640625,16.56945037841797,-20.87188148498535,105.67330169677734,55.83741760253906,22.620922088623047,248.53298950195312,14.621174812316896,-53.70418548583984,24.451961517333984,25.89238166809082,6.125568389892578,-27.811805725097656,23.82149887084961,58.86988067626953,-107.54851531982422,0.3979712307469852,0.7825813553637299,-49.7963981628418,-1.123809814453125,33.772396087646484,14.241544723510742,567.4016723632812,875.3766899462789,FluxDataKit-v3,0.5157191778732345
DE-SfN,47.80638885498047,11.327500343322754,WET,0.7808774745595349,1.0700978145888471,0.8936891313028619,43.6341142055205,55.878310781256616,102.2107688070776,9.696979158668132,620,730.0,Wetland,111.98949432373048,60.05631637573242,-49.98347091674805,10.53182888031006,-38.81318664550781,77.9231948852539,117.56187438964844,46.92106246948242,218.6054534912109,16.41773223876953,-11.80869960784912,101.75971221923828,64.17923736572266,21.633975982666016,244.9864501953125,15.867582321166992,-53.38264083862305,29.404380798339844,26.380998611450195,6.211806297302246,-27.00164222717285,27.72736549377441,62.00602340698242,-100.81921005249023,0.4269032971259585,0.839474150548528,-50.89997100830078,2.7901344299316406,65.37760162353516,13.711371421813965,388.8606872558594,1430.423881392926,FluxDataKit-v3,0.48322223506137324
CA-MA2,50.171,-97.8762,CRO,0.7823285894497874,1.3223804174538074,0.9194441588427512,44.35079736499466,56.690753684697405,89.23931694757337,6.154553816238715,916,1095.0,Cropland,114.65775299072266,76.095947265625,-48.127925872802734,13.692547798156738,-41.62384796142578,89.20564270019531,105.12894439697266,37.82296371459961,220.00308227539065,22.242280960083008,-27.191795349121094,104.43473052978516,68.36621856689453,23.60238265991211,242.3335876464844,27.05594253540039,-36.762725830078125,24.421838760375977,22.33049392700196,7.162087917327881,-14.432230949401855,19.075489044189453,66.52982711791992,-108.1536750793457,0.4969871899742355,0.9772890065405688,,,71.95520782470703,13.111644744873049,511.7405090332031,593.1052111554891,FluxDataKit-v3,0.25457821622324917
US-UMB,45.55979919433594,-84.71379852294922,DBF,0.7896251613337311,2.6244575073493537,0.8278295641731963,39.14419269065764,49.57313242721447,102.75859264585397,11.556074574953572,3850,5479.0,Forest,133.09280395507812,77.98487091064453,-44.97900390625,10.233542442321776,-21.817602157592773,90.73023986816406,104.03546142578124,26.61631202697754,224.142333984375,20.73554039001465,-2.961810827255249,102.24131774902344,54.559326171875,16.148738861083984,254.7598114013672,21.89869499206543,-49.47613525390625,19.17082595825196,30.61750030517578,7.659190654754639,-18.85863304138184,18.02506256103516,88.11380004882812,-109.9314022064209,0.3809335227620695,0.7490779471346972,,,45.94010543823242,14.853320121765137,599.3050537109375,899.8329809401184,FluxDataKit-v3,0.38042044385778817
US-WCr,45.80590057373047,-90.07990264892578,DBF,0.7919967780923036,3.365339643455764,1.2075183221994743,47.2311037026216,59.635474548757614,103.33763656856604,10.599143597463424,2013,2922.0,Forest,123.76366424560548,64.69929504394531,-45.7578239440918,11.187045097351074,-30.07088661193848,79.08698272705078,112.96644592285156,36.63687515258789,223.4641571044922,20.328346252441406,-7.330601215362549,92.91650390625,67.11483001708984,20.942115783691406,246.57481384277344,22.979957580566406,-45.85162734985352,22.35110855102539,23.110658645629883,6.180479049682617,-22.740966796875,18.18198204040528,78.00584030151367,-108.07672691345216,0.4570561633784131,0.8987675595109192,,,69.36901092529297,13.77342414855957,616.3812255859375,880.4211218375713,FluxDataKit-v3,0.38133287223667717
IT-LMa,45.15258026123047,7.582590103149414,DBF,0.7935774453579965,1.4182131477757416,0.7791180909888645,55.16566489243544,69.51516227574898,151.77739431834,15.3067346807112,285,731.0,Forest,121.3669204711914,64.80609893798828,-64.90631866455078,11.920042991638184,-34.810333251953125,78.7635498046875,117.60982513427734,43.6428108215332,223.54641723632807,16.971097946166992,-14.237427711486816,98.77422332763672,70.64427947998047,22.14003562927246,249.9443206787109,16.47940444946289,-46.96555709838867,26.228878021240234,26.397932052612305,6.019954204559326,-20.56762313842773,23.841154098510746,56.46060180664063,-91.27093505859376,0.36346430336477,0.7147260032330623,-37.55405807495117,5.500851154327393,87.3648452758789,14.47520637512207,267.8595886230469,1827.2810778580608,FluxDataKit-v3,0.29587247537222455
CA-SF1,54.485,-105.8176,ENF,0.8141458785509157,2.267553022960678,0.8132184845172012,48.182494061342624,59.181647086517,77.09200732757682,2.0177708004483086,1274,1461.0,Forest,113.80306243896484,72.05220031738281,-45.52290344238281,10.23902416229248,-43.88747024536133,87.93328094482422,92.67321014404295,45.352684020996094,215.7429962158203,20.640714645385746,-21.171855926513672,107.95535278320312,50.00197219848633,22.45926856994629,235.70230102539065,24.73517417907715,-42.67122650146485,27.90574073791504,19.959300994873047,6.36517858505249,-22.711933135986328,23.15382957458496,68.28015899658203,-112.16762924194336,0.6249998635605265,1.2290165784327822,,,23.60260391235352,10.728116989135742,553.6820068359375,601.5783321345225,FluxDataKit-v3,0.38376649272339447
CZ-BK1,49.502075,18.536882,ENF,0.8158089968249368,1.6388031212160776,0.8657225748346427,45.7323110116343,56.0576203371387,89.8405223759787,9.705843569444166,1962,6210.0,Forest,105.24384307861328,62.24788665771485,-45.95170974731445,12.7579984664917,-45.51302719116211,82.09234619140625,111.26487731933594,45.039363861083984,222.4163818359375,17.94974708557129,-15.200627326965332,102.64923095703124,56.0009994506836,22.06791114807129,247.36083984375,16.38456153869629,-55.26387786865234,25.563682556152344,24.944475173950195,6.58279275894165,-30.319408416748047,23.94986152648925,59.29213333129883,-104.80516052246094,0.5090387923196457,1.000987602240749,-50.725807189941406,-4.1145429611206055,47.376564025878906,14.581172943115234,496.4063720703125,1048.319935798645,FluxDataKit-v3,0.5408614963389938
US-Los,46.08269882202149,-89.97920227050781,WET,0.8165482033625187,1.9756780964515503,0.8777395615090935,45.88965090033529,56.19956141151645,94.0094963823856,10.717558180029576,2135,3288.0,Wetland,125.12982940673828,69.3388900756836,-41.41230773925781,15.238443374633787,-28.99555969238281,82.68220520019531,109.20690155029295,34.719173431396484,221.6788482666016,20.633525848388672,0.5147546529769897,97.85922241210938,57.19572448730469,19.172243118286133,244.1806488037109,24.2924919128418,-52.01117706298828,22.68672752380371,22.501813888549805,7.270339488983154,-29.50935935974121,18.88249588012696,83.71752166748047,-112.71308135986328,0.488138461179264,0.9598886277226903,,,66.01354217529297,13.609076499938965,611.4993286132812,856.807439122349,FluxDataKit-v3,0.52508166645041
SE-Nor,60.0865,17.479504,ENF,0.8188333116319921,0.9257566905574364,1.0472623203920732,43.07994377587776,52.611371769934976,95.16986162602107,10.216989430566697,1764,2557.0,Forest,97.12429809570312,75.26097869873047,-45.36507034301758,10.32036018371582,-68.4580078125,95.79045104980467,84.22511291503906,50.74125289916992,220.0836181640625,18.199451446533203,-47.57755661010742,122.97997283935548,42.50162506103516,22.94034767150879,240.93228149414065,18.87579727172852,-41.72348785400391,30.36140251159668,20.848621368408203,5.478443622589111,-20.874868392944336,29.87541389465332,51.75922775268555,-120.21723556518556,0.4526637218951148,0.8901301441809131,-54.11748504638672,10.5487060546875,22.35677146911621,13.572272300720217,551.5591430664062,640.278824721463,FluxDataKit-v3,0.3967748357565803
DE-Tha,50.96256,13.56515,ENF,0.8223945312948888,1.4850623291923517,1.0044422825225907,40.13161911243554,48.798499485699296,79.91266674551588,10.540249348422272,7780,9132.0,Forest,102.85603332519533,62.44528579711914,-46.6266975402832,13.438018798828123,-48.97403335571289,84.27885437011719,109.96884155273438,45.16421508789063,222.50271606445312,16.614200592041016,-22.394086837768555,105.04784393310548,57.66546249389648,22.96205711364746,248.2275238037109,15.234984397888184,-52.30338287353516,24.62090301513672,25.72480201721192,6.153929233551025,-26.578577041625977,23.85729217529297,56.22933578491211,-105.203369140625,0.5021934662778281,0.987526768597932,-48.77754592895508,0.2895413935184479,33.67239761352539,15.210318565368652,560.198974609375,913.2214018609376,FluxDataKit-v3,0.5446597194943462
BE-Bra,51.30761,4.51984,MF,0.8314003073888807,1.4364559981991798,1.0679624974484794,37.24935178116313,44.803148916494266,87.99265205295379,13.031072822174654,5129,9132.0,Forest,106.37742614746094,63.93026351928711,-44.713077545166016,10.050348281860352,-53.12627410888672,85.42548370361328,105.54276275634766,46.5169677734375,226.38360595703125,15.373820304870604,-30.12005424499512,106.124755859375,57.38751220703125,25.454973220825195,251.5293884277344,12.816282272338867,-48.155250549316406,22.967533111572266,25.1457462310791,6.420715808868408,-23.009502410888672,23.489669799804688,61.66434860229492,-114.79062271118164,0.4233234356744532,0.8324346144959472,-46.75070190429688,1.6040863990783691,30.44166755676269,17.15715217590332,590.4428100585938,818.6450600624084,FluxDataKit-v3,0.5135688666386958
FI-Hyy,61.84741,24.29477,ENF,0.8390095433018582,1.7977205664329707,0.8680535339030305,36.75231377204141,43.80440492655837,76.03352266803917,8.475146189957949,4217,9132.0,Forest,90.50906372070312,74.42853546142578,-41.34952926635742,13.308272361755373,-74.73075866699219,94.15450286865234,86.99809265136719,52.957275390625,218.91944885253903,19.82966041564941,-54.275177001953125,118.5446319580078,45.88564682006836,26.675012588500977,239.57655334472656,20.99335670471192,-41.11244583129883,28.603271484375,20.6571102142334,5.199760913848877,-20.45533561706543,26.95911979675293,49.1595344543457,-123.89029312133788,0.4833698674267832,0.950511536431466,-48.308223724365234,10.432692527770996,21.88489532470703,12.438536643981934,571.44921875,710.7788778375834,FluxDataKit-v3,0.46696983217465127
US-Blo,38.895301818847656,-120.63275146484376,ENF,0.8393678497047226,0.8653151803347628,0.9493938224444596,61.28178056346197,73.00944464935131,120.44834840325994,12.123725024021851,2316,2557.0,Forest,187.98789978027344,81.71734619140625,-83.84269714355469,23.950984954833984,4.024676322937012,79.8691635131836,81.59648132324219,22.84063148498535,250.20584106445312,27.90371894836425,12.314943313598633,83.24247741699219,57.331016540527344,13.490832328796388,266.1775817871094,21.23984146118164,-24.26546096801757,17.102449417114258,15.971779823303224,7.896627426147461,-8.293680191040039,13.126484870910645,104.14520263671876,-100.12052631378174,0.5087805800233237,1.000479846621208,,,13.073437690734863,10.795978546142578,473.3434753417969,1289.2323930282146,FluxDataKit-v3,0.11359736032608939
US-ARb,35.5497,-98.0402,GRA,0.8398195682655207,2.022742481238657,1.5260206307434316,45.72876617741394,54.45070334793169,98.35184795380712,16.485990972496396,705,730.0,Grassland,165.96482849121094,56.68195343017578,-68.73002624511719,11.356202125549316,-2.6584088802337646,70.86177062988281,103.22044372558594,25.54507637023925,246.7771453857422,18.082107543945312,9.744461059570312,73.47328186035156,67.61660766601562,14.530728340148926,269.9757995605469,17.971477508544922,-35.60383224487305,16.470928192138672,23.19865608215332,8.15634822845459,-12.40517807006836,12.199563026428224,97.23480224609376,-99.89321112632751,0.4649507571925985,0.9142917015840916,,,264.3591003417969,21.16937065124512,644.5669555664062,751.1168264318258,FluxDataKit-v3,0.22782401892591106
BE-Vie,50.304962,5.998099,MF,0.843675335595123,1.3658588282560582,0.8393435828924077,43.93416727137694,52.0747323262521,99.6575994780987,10.965387999234052,6241,9132.0,Forest,104.55192565917967,61.53687286376953,-46.81349563598633,12.198174476623535,-52.750118255615234,83.11737823486328,110.38507843017578,47.12134552001953,225.8679351806641,15.456241607666016,-25.38876914978028,103.74699401855467,58.25351333618164,25.84158134460449,250.63723754882807,12.680227279663086,-52.13157272338867,23.57725524902344,24.769317626953125,6.673593044281006,-27.362255096435547,23.654354095458984,57.73843002319336,-110.4885482788086,0.4408511493499515,0.8669015831229319,-51.59317398071289,-3.274876594543457,37.80963516235352,14.3270263671875,545.8391723632812,1112.487594364211,FluxDataKit-v3,0.5254420690059235
US-AR1,36.4267,-99.42,GRA,0.8450246456772664,2.041679852454293,1.071749458863919,41.8994444380302,49.58369516483017,73.3777330849036,15.584594184250884,1425,1461.0,Grassland,169.56875610351562,59.05601501464844,-73.96894836425781,11.4053955078125,0.15885691344738,73.22295379638672,97.95116424560548,24.87019729614257,245.4740753173828,18.109580993652344,8.951739311218262,74.92655944824219,66.19464874267578,15.49213981628418,268.43414306640625,18.3459701538086,-31.75650978088379,14.445090293884276,22.96009635925293,7.583006381988525,-8.796414375305176,11.60666275024414,95.5998077392578,-95.44095082581045,0.5710103416461417,1.1228501272652085,,,229.4474029541016,18.410619735717773,672.3046875,597.3069497849792,FluxDataKit-v3,0.1774053818712667
PT-Esp,38.63940048217773,-8.601799964904785,EBF,0.8461986864099578,1.7710856460756923,0.7903430881812228,37.81119929737475,44.68359488690622,119.18769073688316,15.879950646690418,1092,1096.0,Forest,174.62203979492188,71.9857406616211,-69.78824615478516,16.621789932250977,-6.486659049987793,78.89967346191406,87.4241943359375,23.10384178161621,254.88363647460932,20.42903709411621,2.348062753677368,81.66241455078125,62.21549224853516,17.152482986450195,271.25555419921875,15.595301628112791,-25.20871353149414,15.506651878356934,16.371946334838867,7.4423136711120605,-8.83676528930664,11.97752857208252,104.83379364013672,-111.32045269012453,0.3172408078687098,0.6238308757459353,,,24.221094131469727,18.242151260375977,574.9884033203125,552.8731516096741,FluxDataKit-v3,0.1977630786348416
SE-Htm,56.09763,13.41897,ENF,0.8638413244360621,1.266014104358679,1.0879308688853002,44.29002285034871,51.271016559971095,95.21935967452346,11.094185313360818,1524,2192.0,Forest,102.88682556152344,73.57565307617188,-42.86421203613281,12.546014785766602,-59.71509552001953,95.55789947509766,90.90597534179688,45.08339309692383,223.7313842773437,16.64063262939453,-37.05619812011719,122.16944885253906,43.29500198364258,19.48143768310547,248.68280029296875,15.26407527923584,-47.61096954345703,28.489971160888672,24.951398849487305,6.113504409790039,-22.659568786621094,29.76949882507324,60.02261352539063,-119.73770904541016,0.4651367432183939,0.914657429518426,-54.9795150756836,8.274435997009277,25.89166641235352,14.603235244750977,573.622802734375,762.5574327539653,FluxDataKit-v3,0.4419566902894634
IT-SRo,43.72785949707031,10.28444004058838,ENF,0.8655398276035615,1.0676203679600174,1.2242300813819231,56.626532586597634,65.42337022593254,116.83626181077824,15.498669157429696,2415,3653.0,Forest,154.66464233398438,77.7525634765625,-54.88694763183594,11.614089965820312,-13.491260528564451,90.70375061035156,86.98860168457031,24.114940643310547,241.6119384765625,20.34039306640625,0.0487169921398162,102.00780487060548,47.34181213378906,13.264521598815918,267.7190246582031,12.667978286743164,-39.64678955078125,17.2794132232666,26.10708236694336,9.459144592285156,-13.539706230163574,16.132579803466797,99.77769470214844,-113.26895523071288,0.4846657339851127,0.9530597633615496,-18.968647003173828,-0.6760140657424927,231.46458435058597,19.45214080810547,417.1510314941406,1162.5880713108927,FluxDataKit-v3,0.20695519328040823
US-NR1,40.0329,-105.5464,ENF,0.8694754439786458,1.671686019637834,1.1284317172570495,51.58285236309229,59.32640504147367,101.65802479779131,2.399677664379366,6834,6940.0,Forest,151.67056274414062,60.34901428222656,-79.84113311767578,12.706049919128418,-9.655288696289062,70.16608428955078,112.9595947265625,36.385501861572266,224.45120239257807,18.5706844329834,11.55972385406494,86.8482666015625,63.13175964355469,15.2346773147583,253.0672149658203,21.324871063232425,-49.82783126831055,24.31688117980957,28.61602783203125,6.757352352142334,-21.211803436279297,20.390735626220703,71.82942962646484,-81.4847183227539,0.5074154496479358,0.9977954174542708,,,59.78593826293945,7.09008264541626,604.6624755859375,752.1770766470581,FluxDataKit-v3,0.3575440551547095
CN-Cng,44.59339904785156,123.50920104980467,GRA,0.8776132861354324,2.3481012996322943,1.291481571325272,47.802447825228526,54.46869205424916,69.38408152868206,8.047864827207706,659,731.0,Grassland,132.73501586914062,55.49140167236328,-70.62462615966797,13.12744140625,-20.6527042388916,73.61355590820312,103.46958923339844,38.28881454467773,227.938217163086,20.62386131286621,-13.944418907165527,82.92680358886719,78.0080337524414,21.217992782592773,246.6913452148437,27.42897224426269,-25.461557388305664,20.758066177368164,18.75311279296875,9.58057975769043,-6.708445549011231,13.219895362854004,62.110389709472656,-82.76309394836426,0.688954105495623,1.3547779236458164,-23.02858161926269,4.340852737426758,78.85234069824219,13.43870449066162,570.2916870117188,467.7677608560771,FluxDataKit-v3,0.12316149509024053
US-Ha1,42.5378,-72.1715,DBF,0.8779817574498565,2.087802448633141,0.987084612561302,35.393988334269224,40.31289720309554,90.00995954421774,9.526649953279016,9176,10958.0,Forest,133.24789428710938,56.65520477294922,-47.77787399291992,8.42967700958252,-19.63109970092773,72.03839874267578,112.8836898803711,38.1580696105957,226.14198303222656,18.49288749694824,6.201438903808594,87.6142578125,60.96693801879883,19.892410278320312,252.229232788086,18.49353408813477,-51.916748046875,21.841602325439453,26.08725357055664,4.911349296569824,-25.829492568969727,19.81067657470703,85.47002029418945,-105.1011199951172,0.3932230223576736,0.773244350400124,,,40.28828048706055,16.70403289794922,620.0792846679688,1120.2094214968383,FluxDataKit-v3,0.6407252854797629
US-BZS,64.6963,-148.3235,ENF,0.8785055541058088,0.8657882529145363,1.0026769651530332,37.70403499725938,42.918379765551535,78.61445679354999,7.460495839537672,2422,4383.0,Forest,89.3796615600586,74.4948501586914,-43.18942642211914,11.9142427444458,-68.61695098876953,94.8011703491211,79.73689270019531,56.531986236572266,206.6331024169922,18.98245048522949,-54.99555587768555,119.04017639160156,45.74143600463867,30.4432315826416,227.0044860839844,22.55420112609864,-33.995460510253906,30.901079177856445,20.37136650085449,7.2850470542907715,-13.624091148376465,26.49834251403809,46.19023513793945,-114.80718612670898,0.4796068882886799,0.9431119128240636,,,9.322396278381348,10.054231643676758,433.1225280761719,412.0949364732951,FluxDataKit-v3,0.3174418797447673
AU-Dry,-15.25879955291748,132.37060546875,SAV,0.8861398414817344,1.6649755651799056,0.8983821894408831,70.83597339274492,79.93769163374766,136.0540544163929,26.33667337528032,1733,1826.0,Savanna,216.86062622070312,24.564842224121094,-77.20663452148438,23.610639572143555,43.52263259887695,59.57303237915039,91.59908294677734,29.277490615844727,266.3088684082031,33.294681549072266,41.22425842285156,55.745582580566406,65.3655776977539,8.9262056350708,294.8385009765625,8.292296409606934,-26.233497619628903,23.3896427154541,28.52960968017578,27.08646583557129,2.2961134910583496,9.544951438903809,139.65399169921875,-96.1313591003418,0.5206458102009346,1.0238119550670088,-0.2144243419170379,10.852452278137209,275.4612121582031,32.811073303222656,761.2023315429688,870.6440613605082,FluxDataKit-v3,0.02872379029380164
CA-SF2,54.2539,-105.8775,ENF,0.8922310356629204,2.3416896749180505,1.9006438552876856,45.27616388723197,50.74488790181138,89.07501141968565,4.396765316293432,1823,2191.0,Forest,113.80306243896484,72.05220031738281,-45.52290344238281,10.23902416229248,-43.88747024536133,87.93328094482422,92.67321014404295,45.352684020996094,215.7429962158203,20.640714645385746,-21.171855926513672,107.95535278320312,50.00197219848633,22.45926856994629,235.70230102539065,24.73517417907715,-42.67122650146485,27.90574073791504,19.959300994873047,6.36517858505249,-22.711933135986328,23.15382957458496,68.28015899658203,-112.16762924194336,0.508292540922716,0.9995201533787916,,,24.40494728088379,10.759354591369627,551.5989379882812,573.3292840886861,FluxDataKit-v3,0.44757086033833976
US-Bar,44.0646,-71.2881,DBF,0.8954684631302979,2.830656777899259,0.9088032476188648,36.04706768477117,40.25498291560272,117.357202312876,12.600377357718502,4016,6575.0,Forest,120.4476318359375,57.56288528442383,-43.147220611572266,9.889960289001465,-29.60395240783692,71.82312774658203,120.12339782714844,41.98224258422852,220.24710083007807,19.49124526977539,1.3477983474731443,91.80545806884766,62.12273406982422,21.17136001586914,247.2977294921875,19.2619686126709,-58.00067901611328,24.77396011352539,27.050630569458008,5.0980305671691895,-30.95005226135254,23.49139976501465,77.30041122436523,-106.90436363220216,0.3071568423101051,0.6040014940605263,,,31.25416755676269,14.391036033630373,511.1079406738281,1395.8570559043435,FluxDataKit-v3,0.768850214798039
IT-Ro2,42.3902587890625,11.92092990875244,DBF,0.896447454352627,1.6209378227348992,1.322730460724684,50.64121939809243,56.49100697671476,109.8184042662148,16.318186738314473,2304,2557.0,Forest,160.377685546875,76.11416625976562,-64.08779907226562,11.127459526062012,-10.332621574401855,87.5721435546875,85.46290588378906,23.726991653442383,244.25938415527344,20.958545684814453,5.150083065032959,99.78469848632812,46.33483123779297,12.940216064453123,267.9058837890625,13.491988182067873,-39.12806701660156,17.854887008666992,23.64648628234864,9.36231803894043,-15.481585502624512,17.140771865844727,96.28988647460938,-106.62250804901124,0.4611359975267096,0.9067902553511192,-21.023351669311523,-1.051582098007202,116.16979217529295,17.55092430114746,469.7438659667969,921.6408559586852,FluxDataKit-v3,0.27405398365452976
CA-DBB,49.1293,-122.9849,WET,0.9050295256948728,0.6243258106625035,0.9934176932487624,55.26399775057729,61.06319869304388,106.12625033523868,12.389521173263937,1911,2557.0,Wetland,114.42610168457033,71.95068359375,-41.09500503540039,11.81747055053711,-39.98530960083008,83.40669250488281,108.82788848876952,42.76797866821289,219.3265991210937,22.55933380126953,-20.727481842041016,101.79608154296876,67.09454345703125,29.55327033996582,241.8061065673828,19.2747802734375,-41.73333740234375,21.93245315551757,22.47945976257324,6.732387542724609,-19.253881454467773,22.673080444335938,73.33109664916992,-113.31640625,0.520738248793354,1.023993728806803,,,17.141407012939453,15.080252647399902,308.4455871582031,2305.26254279539,FluxDataKit-v3,0.3153107250613308
ES-LMa,39.94269180297852,-5.773359775543213,SAV,0.9095122620888813,1.707117652786902,0.859667296774147,37.98211063995456,41.76096598491247,81.41951044196789,16.17563292754999,1094,1096.0,Savanna,170.70201110839844,73.27188873291016,-83.02748107910156,24.11897850036621,-9.805278778076172,78.10810852050781,89.80870056152344,23.84455299377441,251.8245849609375,23.78045654296875,0.0761755183339119,80.88890075683594,61.39340591430664,17.905174255371094,270.3539733886719,19.03838157653809,-28.415298461914062,16.16832733154297,18.52939796447754,7.571537494659424,-9.885902404785156,11.38735008239746,87.67453002929688,-97.47980880737305,0.4664988825623863,0.9173359770406048,,,18.35755157470703,15.568578720092772,517.72509765625,976.6987420152872,FluxDataKit-v3,0.23672590352332287
ZM-Mon,-15.43777847290039,23.25278091430664,DBF,0.9215853466091728,1.059523760202372,0.8669677959936699,69.37184870396977,75.27447019336027,124.176594869154,22.19803122987732,366,366.0,Forest,206.6509552001953,17.50103759765625,-81.11603546142578,25.1040153503418,41.10953903198242,54.15083694458008,101.94403076171876,40.4691162109375,258.3710021972656,35.753658294677734,48.52934646606445,59.9648551940918,65.97716522216797,9.86212158203125,286.9177551269531,11.233529090881348,-35.96686172485352,32.867881774902344,28.54672813415528,25.338010787963867,-7.420132637023926,9.36909294128418,125.53491973876952,-84.42538070678711,0.5586547833516253,1.0985538243936437,-1.3691786527633667,-16.638891220092773,267.52032470703125,25.544628143310547,774.750244140625,1076.2078478001058,FluxDataKit-v3,0.09857435884920293
SE-Svb,64.25611,19.7745,ENF,0.922739429553883,2.283670762419498,1.2385180568127423,38.9307435523541,42.190397749856594,94.40502890310395,7.273749785401299,1517,2557.0,Forest,83.6927490234375,71.679931640625,-44.91260147094727,9.22530746459961,-80.27225494384766,92.30451202392578,84.6688461303711,59.93258666992188,213.3453826904297,19.28519630432129,-63.85161590576172,120.45179748535156,47.33271789550781,31.878305435180664,234.2638092041016,19.994768142700195,-37.33613967895508,31.96788024902344,20.91842269897461,5.05964994430542,-16.4177188873291,30.80304336547852,38.78014755249024,-119.05240249633788,0.4123799759895427,0.810915100393104,-54.40530014038086,16.467220306396484,13.21067714691162,11.267451286315918,538.1732788085938,709.2835137154907,FluxDataKit-v3,0.38913401539062065
RU-Fyo,56.46152877807617,32.922080993652344,ENF,0.923065100362638,1.8275792387970144,0.9687858967045752,49.28997492008386,53.39815675050401,95.29939050199413,10.49864292924636,5291,8401.0,Forest,95.67965698242188,70.98681640625,-40.12981414794922,14.611966133117676,-63.02182388305664,89.25529479980469,98.65894317626952,48.54340744018555,219.2825927734375,20.022565841674805,-36.928749084472656,110.81502532958984,50.84234619140625,26.122568130493164,241.00735473632807,19.129756927490234,-47.816593170166016,25.35228729248047,21.724760055541992,5.333451271057129,-26.091835021972656,24.79458999633789,55.549842834472656,-118.5716667175293,0.517211858968316,1.0170593408018231,-48.31744766235352,3.1660830974578857,37.45442581176758,13.425780296325684,592.5836181640625,809.0450195595622,FluxDataKit-v3,0.48862800908809245
US-UMd,45.5625,-84.6975,DBF,0.92846068734801,2.547607647065117,0.882885551617973,44.77200980026506,48.22176147075079,112.13188421720906,12.290161541025498,3654,5479.0,Forest,133.09280395507812,77.98487091064453,-44.97900390625,10.233542442321776,-21.817602157592773,90.73023986816406,104.03546142578124,26.61631202697754,224.142333984375,20.73554039001465,-2.961810827255249,102.24131774902344,54.559326171875,16.148738861083984,254.7598114013672,21.89869499206543,-49.47613525390625,19.17082595825196,30.61750030517578,7.659190654754639,-18.85863304138184,18.02506256103516,88.11380004882812,-109.9314022064209,0.3992799203617933,0.7851547978977155,,,45.94010543823242,14.853320121765137,599.3050537109375,899.8329809401184,FluxDataKit-v3,0.3910813804016815
US-GLE,41.3665,-106.2399,ENF,0.9305739233817082,1.6537076012635656,1.201515653226092,54.34221484381887,58.39645134944154,90.60323809588044,0.3391615490573255,5772,5844.0,Forest,146.40158081054688,73.89199829101562,-73.41773223876953,20.19245147705078,-14.429370880126951,78.00313568115234,114.32913970947266,30.583969116210938,223.71365356445312,23.09189796447754,-3.145336151123047,91.10032653808594,76.4664077758789,19.92545318603516,250.2891387939453,23.516695022583008,-37.86273956298828,20.499940872192383,26.575515747070312,5.926926136016846,-11.287223815917969,18.20228385925293,72.98384857177734,-87.4132194519043,0.5997822592864891,1.1794280016536005,,,29.76171875,6.6288604736328125,764.7596435546875,642.9939100053161,FluxDataKit-v3,0.19328612535675785
IT-Lav,45.956199645996094,11.281319618225098,ENF,0.931483320521633,1.3428062438670336,1.2761114891242205,53.975518460491166,57.94577022620732,91.05188614757266,7.316936496976784,5015,6575.0,Forest,132.68788146972656,66.35639190673828,-46.47450637817383,12.356483459472656,-25.294368743896484,84.16426086425781,99.94293212890624,34.863712310791016,231.702377319336,18.157855987548828,-11.062843322753906,91.0038070678711,61.17462158203125,22.627832412719727,256.24078369140625,18.283422470092773,-38.76830673217773,16.669761657714844,24.538387298583984,6.520538806915283,-14.2299222946167,13.367794036865234,86.21337509155273,-111.50774383544922,0.5927995645582801,1.165697042523122,-14.693303108215332,-6.35097599029541,95.98567962646484,13.2348051071167,354.5178527832031,1271.613169228658,FluxDataKit-v3,0.24557309772682745
IE-Cra,53.32309,-7.641774,WET,0.9469375895652724,0.8492384573252624,1.0157176662098475,31.49020485436561,33.25478384359246,54.44639555137597,10.901627544887289,281,366.0,Wetland,93.10311126708984,55.12693786621094,-43.08906936645508,6.691052436828613,-67.3023681640625,79.74625396728516,113.49020385742188,58.133548736572266,223.1136474609375,11.91147232055664,-42.69403839111328,108.04045867919922,61.565765380859375,31.28650283813477,250.43467712402344,8.985498428344727,-51.924434661865234,27.59523200988769,27.3210391998291,5.790457248687744,-24.603403091430664,29.695688247680664,50.014041900634766,-117.31641006469728,0.5783707908570597,1.1373239129927706,,,13.379687309265137,16.07714080810547,698.0339965820312,964.882510015741,FluxDataKit-v3,0.7398455274028567
US-NGB,71.28,-156.6092,SNO,0.9510294392889598,0.681560894257549,0.8886022371020088,26.982353831520893,28.37173353087191,71.09327672076004,-0.3776296240832365,1442,2922.0,Barren,51.37023162841797,55.29997253417969,-35.32219696044922,8.980042457580566,-108.44200897216795,81.78955841064453,97.3625946044922,87.22245788574219,206.02865600585932,17.7399845123291,-101.4269790649414,100.68468475341795,77.9638900756836,79.1768569946289,218.41470336914065,18.268875122070312,-19.39870834350586,26.09645652770996,12.386027336120604,5.407596588134766,-7.012680530548096,25.43317413330078,16.04803466796875,-124.49004364013672,0.3795345365427746,0.7463269429237245,,,2.389843702316284,7.488874435424805,370.1208190917969,258.54903884464875,FluxDataKit-v3,0.24717138002573735
US-SP1,29.73806953430176,-82.2187728881836,ENF,0.9589918258043922,0.6117134086411936,0.9282630237469188,51.64346995558636,53.85183540252636,109.815856114042,19.5038817774166,352,365.0,Forest,174.23973083496094,40.56291580200195,-51.07953643798828,13.71949863433838,12.214714050292969,62.50235748291016,105.91667938232422,27.417999267578125,249.9007110595703,12.784419059753418,28.422712326049805,68.01104736328125,61.739295959472656,12.814467430114746,277.8677062988281,7.964256286621094,-44.17739486694336,17.736618041992188,27.96700096130371,11.232429504394531,-16.210391998291016,10.443799018859863,123.16019439697266,-110.94548034667967,0.4702733446976495,0.924758181123144,,,398.3663940429688,30.600492477416992,564.1246337890625,1048.8769155927002,FluxDataKit-v3,0.30101837527213665
FR-Pue,43.74139022827149,3.595829963684082,EBF,0.9806507746430888,1.7208113742658646,1.240188024717701,45.84022364050875,46.74469732325705,89.72212246868837,14.307719012487768,3755,5479.0,Forest,154.33285522460938,73.81729888916016,-63.561126708984375,9.596012115478516,-12.965712547302246,88.74219512939453,89.38880157470703,26.69100952148437,238.6846160888672,17.572120666503906,-2.8746652603149414,97.59459686279295,50.87939453125,16.891721725463867,267.10888671875,12.567259788513184,-38.5094108581543,16.534578323364258,28.42428207397461,8.100212097167969,-10.085127830505373,14.68496799468994,90.771728515625,-103.73744106292725,0.5109132773414525,1.0046736401139418,-11.713017463684082,1.0159177780151367,51.82656097412109,16.471101760864258,580.2631225585938,1185.2416140027344,FluxDataKit-v3,0.21574913108887936
ES-LM1,39.94269,-5.778683,SAV,0.9853122160757032,1.4500085666640412,0.9539246246689091,60.02627694079786,60.921072489966924,104.63190924372576,16.705894725286104,2516,2557.0,Savanna,170.70201110839844,73.27188873291016,-83.02748107910156,24.11897850036621,-9.805278778076172,78.10810852050781,89.80870056152344,23.84455299377441,251.8245849609375,23.78045654296875,0.0761755183339119,80.88890075683594,61.39340591430664,17.905174255371094,270.3539733886719,19.03838157653809,-28.415298461914062,16.16832733154297,18.52939796447754,7.571537494659424,-9.885902404785156,11.38735008239746,87.67453002929688,-97.47980880737305,0.5736899706281269,1.128119421924166,,,18.35755157470703,15.568578720092772,517.72509765625,976.6987420152872,FluxDataKit-v3,0.16227393906128726
CA-TPD,42.6353,-80.5577,DBF,0.9923124754253096,3.104385563435878,1.075969291796147,54.19273823365653,54.61257373634175,110.28788133577224,11.742084821374425,1851,2192.0,Forest,135.3014373779297,74.12055969238281,-49.18034362792969,13.109458923339844,-18.27393341064453,86.34954833984375,110.42089080810548,26.231964111328125,227.2566375732422,20.96701431274414,9.57151699066162,105.52044677734376,55.99961853027344,25.36480712890625,253.8271331787109,20.96735954284668,-54.42126083374024,28.44983291625977,26.570499420166016,6.942540168762207,-27.850765228271484,27.572654724121094,86.12109375,-104.39502716064452,0.4913752769324342,0.9662535894673476,,,82.7015609741211,16.862831115722656,594.6316528320312,1096.9308274798095,FluxDataKit-v3,0.5099698352018573
RU-Che,68.613037109375,161.3414306640625,WET,1.000110694164173,1.4514035636031506,1.1807838086454443,22.861389544009544,22.858859201696266,111.68860950693475,1.63093296158198,439,731.0,Wetland,73.48368072509766,75.28117370605469,-40.67170333862305,10.499513626098633,-83.38484191894531,90.15155792236328,83.60891723632812,64.4803466796875,202.80886840820312,26.90106010437012,-68.71782684326172,113.15827178955078,55.66790390014648,47.30258560180664,216.0821228027344,32.06106185913086,-27.94101333618164,30.81200790405273,13.273260116577148,7.363609790802002,-14.667752265930176,25.955217361450195,32.81197738647461,-116.19681930541992,0.204688639646732,0.4025052583364686,-53.37827682495117,4.581518173217773,,,,,FluxDataKit-v3,0.6416659788884714
US-Ho2,45.2091,-68.747,ENF,1.0205365304156573,2.767212381795088,1.0732334368967598,47.3153859149184,46.36324570924196,112.53330301363374,10.85926302531154,5416,8036.0,Forest,123.11988067626952,59.18685531616211,-45.70033645629883,8.244424819946289,-28.15351676940918,74.1644515991211,113.7049789428711,41.76654815673828,220.80615234375,19.61781311035156,-0.1481427401304245,93.60260009765624,60.5342025756836,20.522846221923828,245.9709625244141,21.664613723754883,-53.17078399658203,25.54644203186035,25.164794921875,5.667641639709473,-28.00598526000977,22.747541427612305,77.4195442199707,-105.57306098937988,0.420456741673938,0.8267974701422577,,,26.007551193237305,15.755634307861328,605.5579223632812,1179.067330667749,FluxDataKit-v3,0.6040557521715334
US-CS3,44.1394,-89.5727,CRO,1.030713654476464,1.1178315582908287,1.6353803521128252,36.31164650516033,35.22961624448869,73.23203030161861,8.353972612362728,661,731.0,Cropland,126.19725799560548,64.12984466552734,-48.02689743041992,10.78251838684082,-27.950138092041016,78.52535247802734,113.8752899169922,35.47268295288086,224.8440093994141,20.15651130676269,-5.156849384307861,93.4281768798828,67.38082885742188,19.701902389526367,248.5439453125,22.30087661743164,-46.49446868896485,22.53024673461914,23.69991683959961,6.093850612640381,-22.79454803466797,18.84075736999512,78.17036056518555,-106.12049865722656,0.4958437770413386,0.9750405685288882,,,81.23072814941406,15.556172370910645,612.677734375,888.9884466771036,FluxDataKit-v3,0.6470279970260516
CA-TP3,42.7068,-80.3483,ENF,1.0373977788518445,2.8065992473944616,1.218785505545252,51.436796207982844,49.58252008685742,91.82441910532852,10.17259079110497,5290,5844.0,Forest,135.3014373779297,74.12055969238281,-49.18034362792969,13.109458923339844,-18.27393341064453,86.34954833984375,110.42089080810548,26.231964111328125,227.2566375732422,20.96701431274414,9.57151699066162,105.52044677734376,55.99961853027344,25.36480712890625,253.8271331787109,20.96735954284668,-54.42126083374024,28.44983291625977,26.570499420166016,6.942540168762207,-27.850765228271484,27.572654724121094,86.12109375,-104.39502716064452,0.5601646785152165,1.1015229229422054,,,83.97838592529297,16.98052406311035,593.0580444335938,1089.1060857102275,FluxDataKit-v3,0.561705318315471
CN-HaM,37.369998931884766,101.18000030517578,GRA,1.0395549476726005,2.72325722954933,1.335413319615356,50.84881625959932,48.91402457699981,92.01502928086894,0.6889181932308933,642,730.0,Grassland,146.51612854003906,37.72328186035156,-76.80928039550781,10.03148078918457,-2.7147216796875,55.139984130859375,125.58928680419922,46.939483642578125,216.85494995117188,13.210620880126951,31.33707046508789,80.37884521484375,65.7344741821289,16.608963012695312,242.65985107421875,16.38364028930664,-59.85480880737305,34.48289108276367,25.804906845092773,8.543978691101074,-34.04990005493164,28.87352752685547,69.70684814453125,-72.42156982421875,0.5526142485309344,1.0866755539010122,-65.3608627319336,-0.7644363641738892,41.95520782470703,6.097175121307373,369.60009765625,956.9489047862588,FluxDataKit-v3,0.6961173272775938
CZ-RAJ,49.4437236,16.6965125,ENF,1.0399517504888909,1.4415831324923514,1.2784607407463375,50.08672490258704,48.162546848006,95.65567694164407,10.493420462063185,2070,3288.0,Forest,108.1945343017578,65.34730529785156,-45.49518585205078,13.947028160095217,-44.16574096679688,85.3008041381836,108.6566925048828,41.38825607299805,223.66995239257807,17.85195541381836,-19.365795135498047,102.48474884033205,58.90019607543945,22.70084571838379,248.6293487548828,15.7443208694458,-49.75649642944336,21.96146774291992,24.95938873291016,6.293749809265137,-24.79710578918457,21.04575729370117,62.69934844970703,-106.8650894165039,0.5236147660440799,1.0296501898644903,-41.604679107666016,-0.8671743869781494,44.17005157470703,15.377421379089355,550.544677734375,776.1996984481812,FluxDataKit-v3,0.5148628428525724
AU-DaP,-14.063300132751465,131.31809997558594,GRA,1.0413426631174902,4.786665475600586,1.3909179336700497,70.77219940004933,67.96245069627423,123.86662459651616,25.277381739343667,1352,1461.0,Grassland,214.06460571289065,22.40262794494629,-73.97740173339844,26.59241104125977,46.17688751220703,58.81571960449219,94.68126678466795,31.70566749572754,262.3167419433594,37.37912368774414,41.63231658935547,54.22412490844727,66.97769927978516,9.169772148132324,294.5623474121094,9.655908584594728,-27.703554153442383,25.236888885498047,32.24560546875,29.35725212097168,4.542054653167725,9.608146667480469,140.0872039794922,-93.91031646728516,0.5713581009459415,1.1235339705261065,0.8735795021057129,13.101903915405272,453.9752502441406,36.94144821166992,731.802490234375,1112.3846797272563,FluxDataKit-v3,0.0668318256130326
US-xDS,28.125,-81.4362,CVM,1.0436222166739966,1.6852583402191086,1.165218451134988,62.36917795648439,59.7622175534493,122.77058405867024,22.563834246449343,1679,1826.0,Cropland,175.65966796875,37.91901397705078,-52.102195739746094,13.766703605651855,12.877167701721191,61.94757080078125,106.36409759521484,27.21922874450684,251.9139862060547,13.731547355651855,29.15302276611328,67.4161605834961,61.37931442260742,12.203516960144045,280.6246643066406,6.385627269744873,-44.98478698730469,17.21356201171875,28.710670471191406,12.14448070526123,-16.27411460876465,10.067758560180664,123.5574722290039,-110.68030452728271,0.5080140200903425,0.9989724625065476,,,501.7973937988281,32.56340026855469,589.2903442382812,1083.8701867032796,FluxDataKit-v3,0.2723144366958879
IT-Col,41.84936141967773,13.588139533996582,DBF,1.047285299122303,2.9277899921507204,1.2425299726435255,55.12560414551838,52.63666375506028,102.6302473103367,7.694561269791732,2698,2922.0,Forest,154.39625549316406,71.15999603271484,-58.89796447753906,11.488824844360352,-12.481480598449709,82.11821746826172,94.66231536865234,27.229812622070312,241.42526245117188,21.24582862854004,9.65532684326172,96.5239028930664,46.738059997558594,13.138718605041504,267.21514892578125,14.382534980773926,-47.92425537109375,22.116186141967773,25.789884567260746,9.210171699523926,-22.13437271118164,20.41851806640625,95.498291015625,-107.9797716140747,0.5371282403600546,1.056223450012011,-27.29929542541504,-5.753084659576416,72.96353912353516,14.744942665100098,371.1079406738281,1258.09557386674,FluxDataKit-v3,0.42051245523807973
PT-Mi2,38.47650146484375,-8.024550437927246,GRA,1.05540069584475,2.5748860005316425,1.0944282447573637,52.684895921120685,49.919330287110846,78.22488379314083,14.680318794145713,728,730.0,Grassland,174.62203979492188,71.9857406616211,-69.78824615478516,16.621789932250977,-6.486659049987793,78.89967346191406,87.4241943359375,23.10384178161621,254.88363647460932,20.42903709411621,2.348062753677368,81.66241455078125,62.21549224853516,17.152482986450195,271.25555419921875,15.595301628112791,-25.20871353149414,15.506651878356934,16.371946334838867,7.4423136711120605,-8.83676528930664,11.97752857208252,104.83379364013672,-111.32045269012453,0.6735055824492049,1.3243995315159591,,,23.964061737060547,17.22441864013672,607.701416015625,587.1978175127879,FluxDataKit-v3,0.17702091030632858
US-Rws,43.1675,-116.7132,OSH,1.0662311892914054,2.8029972786777524,1.901550379551172,33.927474974262374,31.819998622259263,60.82264322884978,10.448872548758354,2399,2557.0,Shrubland,155.95443725585938,79.94612884521484,-74.2083740234375,27.734617233276367,-12.310815811157228,81.19352722167969,94.17528533935548,24.53626251220703,233.2494964599609,29.833534240722656,-7.537466049194336,88.46976470947266,64.19013977050781,16.94801139831543,258.46270751953125,24.368093490600582,-29.98515510559082,14.449849128723145,25.21320343017578,8.184090614318848,-4.771953105926514,11.651822090148926,81.74606323242188,-94.0568790435791,0.5578099400680054,1.0968925017881772,,,8.395312309265137,10.488576889038086,694.4749755859375,352.7120436774567,FluxDataKit-v3,0.14996710598813026
US-Ho1,45.2041015625,-68.74019622802734,ENF,1.0683847556529902,2.790391072604184,1.025566405502123,45.9083623064867,42.96987771828305,99.51379072146707,10.879039476341006,1232,3288.0,Forest,123.11988067626952,59.18685531616211,-45.70033645629883,8.244424819946289,-28.15351676940918,74.1644515991211,113.7049789428711,41.76654815673828,220.80615234375,19.61781311035156,-0.1481427401304245,93.60260009765624,60.5342025756836,20.522846221923828,245.9709625244141,21.664613723754883,-53.17078399658203,25.54644203186035,25.164794921875,5.667641639709473,-28.00598526000977,22.747541427612305,77.4195442199707,-105.57306098937988,0.4613266359733131,0.9071651319311358,,,26.007551193237305,15.755634307861328,605.5579223632812,1179.067330667749,FluxDataKit-v3,0.6517585515048752
US-FPe,48.30770111083984,-105.10189819335938,GRA,1.092546146028519,2.8773960606436773,1.3419609231433205,40.52429477917126,37.09160928943814,61.34079073762693,9.208882688301694,1746,2557.0,Grassland,124.69622039794922,77.20796203613281,-55.79498672485352,18.039203643798828,-34.17181396484375,87.71455383300781,103.46136474609376,34.866886138916016,223.50341796875,23.5086727142334,-25.63573455810547,103.41358184814452,72.60163879394531,22.536693572998047,245.82669067382807,23.487293243408203,-30.859724044799805,21.505069732666016,22.32327651977539,5.281722545623779,-8.53645133972168,19.28015899658203,68.9012336730957,-103.07304763793944,0.6606418712876704,1.2991039831495466,,,48.57369613647461,12.513728141784668,581.993896484375,444.25563304685056,FluxDataKit-v3,0.2301450787187182
AU-Stp,-17.150699615478516,133.35020446777344,GRA,1.0981924441673632,4.076026477674903,4.016121406382842,59.63708907375965,54.30477089011098,129.06951768116795,26.39387441417181,633,2922.0,Grassland,215.81930541992188,29.357385635375977,-90.68299102783205,22.77416038513184,32.137630462646484,59.61546325683594,91.45580291748048,27.33359336853028,274.0187683105469,26.28806495666504,32.46510314941406,59.7541389465332,66.6644058227539,9.375409126281738,298.480712890625,7.954912662506103,-24.791399002075195,21.958829879760746,24.461963653564453,21.617935180664062,-0.3294356167316437,7.561548709869385,125.13631439208984,-92.99868392944336,0.4620540166662533,0.9085954729321124,0.436973363161087,2.6493563652038574,173.15390014648438,28.81281852722168,785.8145751953125,610.2791655575857,FluxDataKit-v3,0.006066421261555026
CA-Gro,48.2167,-82.1556,MF,1.0991497769635823,3.168186136078559,1.1735558111398467,52.763683592772416,48.00408888635075,86.0495660372628,5.156857588775762,3823,4383.0,Forest,120.32520294189452,67.19709777832031,-41.62103271484375,12.511553764343262,-31.89816665649414,80.5429458618164,107.21477508544922,38.96525573730469,217.47543334960932,21.61239624023437,1.6245192289352417,98.8811264038086,52.57592391967773,19.09732437133789,238.59588623046875,23.90689468383789,-54.63885116577149,23.833608627319336,21.1204776763916,5.511767864227295,-33.51837539672852,21.335880279541016,78.70417022705078,-110.60233688354492,0.6131777999894118,1.2057693539655416,,,23.12213516235352,12.461791038513184,621.5863037109375,881.6263533663005,FluxDataKit-v3,0.6982400077644005
ES-LM2,39.94269,-5.778683,SAV,1.1064589242793383,1.697443063013062,0.9853885418050884,61.25140140017733,55.35804362558849,104.52479157727082,17.000657785542828,2500,2557.0,Savanna,170.70201110839844,73.27188873291016,-83.02748107910156,24.11897850036621,-9.805278778076172,78.10810852050781,89.80870056152344,23.84455299377441,251.8245849609375,23.78045654296875,0.0761755183339119,80.88890075683594,61.39340591430664,17.905174255371094,270.3539733886719,19.03838157653809,-28.415298461914062,16.16832733154297,18.52939796447754,7.571537494659424,-9.885902404785156,11.38735008239746,87.67453002929688,-97.47980880737305,0.5859987901042283,1.1523238163233656,,,18.35755157470703,15.568578720092772,517.72509765625,976.6987420152872,FluxDataKit-v3,0.17858113757863245
ES-Cnd,37.914998,-3.227659,WSA,1.120425438178727,1.819954735970144,1.2457681756686,54.1596490688292,48.33846789204174,97.07371127240592,16.978512567548638,2479,2557.0,Savanna,173.69773864746094,67.47996520996094,-88.31815338134766,23.42516326904297,-6.651061058044434,71.35943603515625,94.4724578857422,25.26619911193848,251.9201202392578,23.58110237121582,-0.2350761294364929,72.8158187866211,69.24140167236328,20.17110252380371,270.7346496582031,19.313364028930664,-25.23105239868164,15.7861909866333,18.814489364624023,7.246001243591309,-6.416561603546143,11.220012664794922,85.37958526611328,-92.03064632415771,0.5579229263919631,1.097114681141128,,,23.34166717529297,14.883158683776855,578.1298217773438,611.3364838529378,FluxDataKit-v3,0.13274234545200678
US-Var,38.4133,-120.9508,GRA,1.1259587280290542,6.778586275724288,0.8264959991949289,49.06077105817049,43.57244172177555,79.02328061572942,14.197452274919003,6065,8036.0,Grassland,187.98789978027344,81.71734619140625,-83.84269714355469,23.950984954833984,4.024676322937012,79.8691635131836,81.59648132324219,22.84063148498535,250.20584106445312,27.90371894836425,12.314943313598633,83.24247741699219,57.331016540527344,13.490832328796388,266.1775817871094,21.23984146118164,-24.26546096801757,17.102449417114258,15.971779823303224,7.896627426147461,-8.293680191040039,13.126484870910645,104.14520263671876,-100.12052631378174,0.6208394624457675,1.2208354535380663,,,9.7421875,14.785696983337402,363.0418090820313,782.5712277553976,FluxDataKit-v3,0.19034233252288063
CA-NS1,55.8792,-98.4839,ENF,1.1308569402800743,3.115892786642598,1.1681914916004552,43.01170196104086,38.03460935597065,113.62893748772318,6.886828015723378,1304,1826.0,Forest,111.0318603515625,72.68370819091797,-45.30782699584961,11.194859504699709,-45.14560317993164,87.97476959228516,91.50995635986328,45.94546890258789,213.3750762939453,22.01459503173828,-22.3603458404541,108.38069152832033,50.42642593383789,23.70362663269043,231.6678771972656,26.142492294311523,-41.08354568481445,28.543399810791016,18.29279327392578,6.2160162925720215,-22.79074478149414,24.04202461242676,65.72403335571289,-110.86963653564452,0.3785277140841696,0.7443471001024561,,,16.827863693237305,10.276135444641112,547.7139282226562,599.6174301253632,FluxDataKit-v3,0.5992106969784471
CA-NS5,55.8631,-98.485,ENF,1.1399221638494246,2.7467062643721576,0.8816501681414963,39.49207521665827,34.64453667897529,109.86373627134944,5.449196293839727,1152,1826.0,Forest,111.0318603515625,72.68370819091797,-45.30782699584961,11.194859504699709,-45.14560317993164,87.97476959228516,91.50995635986328,45.94546890258789,213.3750762939453,22.01459503173828,-22.3603458404541,108.38069152832033,50.42642593383789,23.70362663269043,231.6678771972656,26.142492294311523,-41.08354568481445,28.543399810791016,18.29279327392578,6.2160162925720215,-22.79074478149414,24.04202461242676,65.72403335571289,-110.86963653564452,0.3594641558440892,0.7068600053253405,,,18.465625762939453,10.463956832885742,546.13671875,599.2040719138458,FluxDataKit-v3,0.6578452756542461
US-Me2,44.4526,-121.5589,ENF,1.1698361278556382,1.8775288006580124,1.475938811347464,62.45585399496592,53.388549479532905,98.28929677682252,8.088271378193607,6720,6940.0,Forest,156.67269897460938,84.33118438720703,-72.12608337402344,23.68497467041016,-10.438434600830078,86.88113403320312,90.39170837402344,27.64672470092773,230.8153533935547,27.038646697998047,3.0447492599487305,97.82622528076172,52.75547409057617,15.459646224975586,254.96600341796875,19.29177474975586,-37.63623046875,17.718093872070312,24.15063095092773,9.493037223815918,-13.485601425170898,16.130231857299805,84.54661560058594,-94.98505020141602,0.6354288416243259,1.2495244020081389,,,6.350260257720947,10.884317398071287,595.6436157226562,693.5701228212565,FluxDataKit-v3,0.25259351596245844
FI-Let,60.64183,23.95952,ENF,1.1701624502105032,2.373412395418689,1.259043585377065,51.76681532671795,44.238998882083,81.95401947662756,10.160774700354729,2551,4383.0,Forest,94.84612274169922,75.9232406616211,-43.29732131958008,12.053304672241213,-71.3516845703125,95.46005249023438,85.97628021240234,49.96379470825195,221.2337951660156,19.654157638549805,-52.93339157104492,118.18971252441406,47.57249069213867,26.328468322753903,241.21725463867188,20.74704360961914,-38.40378952026367,26.9354190826416,19.983457565307617,5.806933403015137,-18.420330047607425,25.755895614624023,51.54880142211914,-122.90048599243164,0.6316568199742943,1.242106996961542,-43.76778411865234,9.930906295776367,22.715625762939453,12.754576683044434,551.8600463867188,707.6330127893016,FluxDataKit-v3,0.41638216309338194
IT-Ro1,42.40811920166016,11.930009841918944,DBF,1.1779934000641497,1.3105727210221183,1.1815150059507045,44.1747190724157,37.49997162124176,105.7010845922257,16.02472306577173,1640,1826.0,Forest,160.377685546875,76.11416625976562,-64.08779907226562,11.127459526062012,-10.332621574401855,87.5721435546875,85.46290588378906,23.726991653442383,244.25938415527344,20.958545684814453,5.150083065032959,99.78469848632812,46.33483123779297,12.940216064453123,267.9058837890625,13.491988182067873,-39.12806701660156,17.854887008666992,23.64648628234864,9.36231803894043,-15.481585502624512,17.140771865844727,96.28988647460938,-106.62250804901124,0.4179211523025823,0.8218114188561964,-21.023351669311523,-1.051582098007202,116.16979217529295,17.55092430114746,469.7438659667969,921.6408559586852,FluxDataKit-v3,0.41284259249559024
US-Me1,44.5794,-121.5,ENF,1.1792104023696326,2.135198118741948,1.2958760379493368,58.65088667281294,49.73742307136497,72.84414941282508,9.531361133381248,694,731.0,Forest,156.67269897460938,84.33118438720703,-72.12608337402344,23.68497467041016,-10.438434600830078,86.88113403320312,90.39170837402344,27.64672470092773,230.8153533935547,27.038646697998047,3.0447492599487305,97.82622528076172,52.75547409057617,15.459646224975586,254.96600341796875,19.29177474975586,-37.63623046875,17.718093872070312,24.15063095092773,9.493037223815918,-13.485601425170898,16.130231857299805,84.54661560058594,-94.98505020141602,0.805155762618964,1.5832799944020566,,,6.350260257720947,10.884317398071287,595.6436157226562,693.5701228212565,FluxDataKit-v3,0.27113590918896807
CA-TP1,42.6609,-80.5595,ENF,1.1796946791956286,2.288754380530398,1.2481921552890765,49.0620406098567,41.58876146098201,82.57823820305215,10.32289952328699,5118,5844.0,Forest,135.3014373779297,74.12055969238281,-49.18034362792969,13.109458923339844,-18.27393341064453,86.34954833984375,110.42089080810548,26.231964111328125,227.2566375732422,20.96701431274414,9.57151699066162,105.52044677734376,55.99961853027344,25.36480712890625,253.8271331787109,20.96735954284668,-54.42126083374024,28.44983291625977,26.570499420166016,6.942540168762207,-27.850765228271484,27.572654724121094,86.12109375,-104.39502716064452,0.5941279649151359,1.1683092447915688,,,82.7015609741211,16.862831115722656,594.6316528320312,1096.9308274798095,FluxDataKit-v3,0.6696704650462043
SD-Dem,13.282899856567385,30.47830009460449,SAV,1.196433393837845,3.891346486956452,0.9892340442634068,87.04699015000041,72.75540000666184,83.29866370289405,27.017834822684488,1646,1826.0,Savanna,187.6697235107422,15.435564994812012,-107.40319061279295,24.4729232788086,6.341933727264404,35.33501052856445,122.7057647705078,20.242748260498047,276.7586975097656,25.01833724975586,-0.9561678171157836,32.97825622558594,110.39865112304688,10.273693084716797,296.3650207519531,9.791372299194336,-12.307116508483888,14.298298835754396,19.606321334838867,16.388887405395508,7.299205780029297,6.399948596954346,80.26653289794922,-73.92459917068481,1.0449986383992391,2.0549134902458626,8.232022285461426,4.764974117279053,268.46405029296875,25.673479080200195,739.8328247070312,214.35306611238047,FluxDataKit-v3,0.10032527866468943
CA-SF3,54.09159851074219,-106.00530242919922,OSH,1.2108124363284516,1.9425564117411096,1.2073286011945892,55.34781834060365,45.71130645836024,74.59408575844151,6.384105137259721,812,1096.0,Shrubland,114.06372833251952,73.41107940673828,-44.34702682495117,9.977361679077148,-43.975852966308594,89.39137268066406,92.29689025878906,44.34517288208008,216.2098999023437,20.49437141418457,-23.39385414123535,108.19081115722656,50.70351409912109,22.753406524658203,237.22216796875,25.17113876342773,-41.5933837890625,26.92626571655273,21.01228904724121,6.962903499603272,-20.581092834472656,22.021821975708008,69.71670150756836,-113.69255447387695,0.7419866840360084,1.4590626155685695,,,25.84947967529297,10.876895904541016,551.2523193359375,567.6524923183024,FluxDataKit-v3,0.45024074849447965
US-Hn2,46.6889,-119.4641,GRA,1.2139229569801748,2.325754855616612,1.4630437012230182,35.874629878695984,29.55264143610876,75.51846003010976,13.077493835336584,1219,1461.0,Grassland,147.2666778564453,83.55282592773438,-67.34928894042969,25.424097061157227,-18.547168731689453,87.49466705322266,89.4945068359375,23.847820281982425,230.9416656494141,29.43718719482422,-15.181428909301758,93.9992904663086,59.71481704711914,19.89769554138184,257.35400390625,22.57035446166992,-29.77968978881836,13.400174140930176,26.41234970092773,9.194896697998049,-3.3673434257507324,10.477829933166504,79.91738891601562,-98.46455764770508,0.4750445104997176,0.9341403301620058,,,2.8174479007720947,13.53695011138916,647.8570556640625,231.25288600567728,FluxDataKit-v3,0.11394390694418127
SE-Ros,64.1725,19.738,ENF,1.2260168950072876,2.4399448409866937,1.2799128149606065,50.38022748780611,41.092604590499256,83.97063089529507,9.747856840058068,1135,2557.0,Forest,83.6927490234375,71.679931640625,-44.91260147094727,9.22530746459961,-80.27225494384766,92.30451202392578,84.6688461303711,59.93258666992188,213.3453826904297,19.28519630432129,-63.85161590576172,120.45179748535156,47.33271789550781,31.878305435180664,234.2638092041016,19.994768142700195,-37.33613967895508,31.96788024902344,20.91842269897461,5.05964994430542,-16.4177188873291,30.80304336547852,38.78014755249024,-119.05240249633788,0.599974383312975,1.1798057995179412,-54.40530014038086,16.467220306396484,13.21067714691162,11.267451286315918,538.1732788085938,709.2835137154907,FluxDataKit-v3,0.3995297706469775
AU-Rig,-36.649898529052734,145.57589721679688,GRA,1.226269769621705,3.433491009849545,1.2727550604359623,60.33229857117021,49.1998580294304,103.87731137717968,16.472016970147497,1504,2192.0,Grassland,167.8288116455078,68.90467834472656,-73.54962158203125,19.070253372192383,-9.542510032653809,83.11083221435547,100.68467712402344,29.56561851501465,249.87921142578125,14.044955253601074,2.453470468521118,86.91426086425781,67.26958465576172,21.08513069152832,271.29742431640625,15.329140663146973,-33.41508483886719,12.900187492370604,21.41823959350586,6.139848709106445,-11.996849060058594,9.960341453552246,94.27919006347656,-103.82170009613036,0.5808034283069088,1.142107516845336,-10.292000770568848,-13.250741004943848,17.72447967529297,15.889920234680176,623.5986938476562,633.9696730719879,FluxDataKit-v3,0.24383909914704044
US-xAE,35.4106,-99.0588,GRA,1.2284849016147876,1.273814035527992,1.9928680987398664,59.65857544371912,48.5627258139686,98.68312140149764,16.015538819347764,1796,1826.0,Grassland,171.86044311523438,57.6174430847168,-73.5635757446289,12.177202224731444,1.1580495834350586,71.2962417602539,98.58197784423828,24.53744888305664,247.600341796875,17.92173957824707,12.06490993499756,73.37472534179688,65.66893005371094,14.61500644683838,269.6037292480469,17.85127830505371,-32.91305923461914,15.17579746246338,22.00337219238281,7.703227519989014,-10.909687042236328,11.811378479003906,98.29686737060548,-97.1388177871704,0.6045469032236522,1.1887973259215177,,,245.04583740234372,20.08429718017578,651.30859375,644.9969211826101,FluxDataKit-v3,0.22465145560462468
CA-DB2,49.119,-122.9951,WET,1.2341617817867585,0.5067962541271043,1.073963708036784,30.243637532645728,24.505407620758184,95.89746659341124,10.82107333711656,583,731.0,Wetland,114.42610168457033,71.95068359375,-41.09500503540039,11.81747055053711,-39.98530960083008,83.40669250488281,108.82788848876952,42.76797866821289,219.3265991210937,22.55933380126953,-20.727481842041016,101.79608154296876,67.09454345703125,29.55327033996582,241.8061065673828,19.2747802734375,-41.73333740234375,21.93245315551757,22.47945976257324,6.732387542724609,-19.253881454467773,22.673080444335938,73.33109664916992,-113.31640625,0.315374728937038,0.6201613678349681,,,11.506771087646484,16.26055145263672,319.4700622558594,1467.0358272269368,FluxDataKit-v3,0.7856992934962682
CN-Du2,42.04669952392578,116.28359985351562,GRA,1.2363225699927574,2.738735734543574,1.6124425520922705,54.57090504379428,44.13969814052167,92.19484149571436,8.344046244318108,519,731.0,Grassland,142.3639373779297,61.87701797485352,-73.96673583984375,17.831493377685547,-15.166742324829102,73.87377166748047,109.6725616455078,33.9578742980957,224.8819122314453,20.15420150756836,-5.484195232391357,86.34546661376953,82.08901977539062,17.845422744750977,242.7801513671875,26.44463539123535,-27.583545684814453,22.94271469116211,17.898250579833984,9.135749816894531,-9.685293197631836,15.832508087158203,68.39720153808594,-83.56394386291504,0.5919084425816925,1.1639447162483727,-26.951496124267575,7.845822811126709,39.83802032470703,9.044599533081056,721.515625,489.3798771081492,FluxDataKit-v3,0.21942363916486377
US-Prr,65.12370300292969,-147.4875946044922,ENF,1.2396412069989635,1.0140742227193575,1.1707645520049177,53.41870349153883,43.09206824518176,80.67676575909057,8.318364797646206,612,1096.0,Forest,81.344970703125,71.52365112304688,-47.93902969360352,12.40375804901123,-77.84662628173828,92.35247039794922,84.64995574951172,60.945613861083984,206.7723388671875,18.97166633605957,-61.226749420166016,118.9932632446289,50.32221221923828,35.4803352355957,224.4764862060547,22.065298080444336,-34.327754974365234,32.54289245605469,17.704139709472656,6.96397066116333,-16.623613357543945,28.890714645385746,33.405941009521484,-111.25256729125977,0.6621324366305508,1.302035071017632,,,11.709375381469728,9.437825202941896,395.35247802734375,464.03011539950967,FluxDataKit-v3,0.38576967953731667
US-AR2,36.6358,-99.5975,GRA,1.2502324206636566,1.6299098443316744,1.5104158774243457,41.7327471737356,33.3799911792263,75.36471126562155,16.117469190053917,1380,1461.0,Grassland,169.56875610351562,59.05601501464844,-73.96894836425781,11.4053955078125,0.15885691344738,73.22295379638672,97.95116424560548,24.87019729614257,245.4740753173828,18.109580993652344,8.951739311218262,74.92655944824219,66.19464874267578,15.49213981628418,268.43414306640625,18.3459701538086,-31.75650978088379,14.445090293884276,22.96009635925293,7.583006381988525,-8.796414375305176,11.60666275024414,95.5998077392578,-95.44095082581045,0.553743873928599,1.0888968797317722,,,226.99114990234372,18.66912078857422,673.4579467773438,604.403683100827,FluxDataKit-v3,0.2635235679984102
US-xCP,40.8155,-104.7456,GRA,1.2523661449505332,2.1313104252802795,1.295896464423118,46.76052909871598,37.33774606352279,72.61674460906889,10.246694605509465,2000,2192.0,Grassland,157.103759765625,66.41934204101562,-75.46598815917969,16.76527214050293,-8.01135540008545,74.63980865478516,104.36515808105467,29.13489151000977,231.40750122070312,21.747722625732425,-0.4151484370231628,84.49215698242188,71.5768051147461,16.485734939575195,256.5990905761719,22.273813247680664,-32.78834915161133,17.15866470336914,25.19158744812012,6.089690208435059,-7.596763134002685,14.976618766784668,81.63777160644531,-89.64912700653076,0.6439359041836777,1.26625291913076,,,62.62630081176758,10.607070922851562,644.4732055664062,390.1724616298452,FluxDataKit-v3,0.20346067813194438
DK-Fou,56.48419952392578,9.587220191955566,CRO,1.2573448788276744,3.5020505725430104,1.288273837135224,39.2878798543482,31.246701295653665,92.58179799946218,13.770728081372686,151,365.0,Cropland,100.13716888427734,70.82472229003906,-42.919246673583984,11.90075397491455,-63.6177864074707,91.8674774169922,94.64695739746094,48.49970626831055,223.8952178955078,16.280059814453125,-45.62112808227539,116.22803497314452,49.92499923706055,25.49098014831543,250.61865234375,15.099723815917969,-44.72196578979492,26.762357711791992,26.72343635559082,6.253256797790527,-17.998533248901367,27.799724578857425,57.21792221069336,-120.83570861816406,0.4243585748310529,0.8344701400354224,-47.92788314819336,11.080330848693848,18.594532012939453,14.840539932250977,631.2657470703125,804.1920547839254,FluxDataKit-v3,0.5760138671471512
CA-NS6,55.9167,-98.9644,OSH,1.275322570172504,1.6998459132443733,1.1122123282799925,30.2193179160302,23.69543096217817,107.70942938947472,7.1289254627889065,1183,1826.0,Shrubland,111.0318603515625,72.68370819091797,-45.30782699584961,11.194859504699709,-45.14560317993164,87.97476959228516,91.50995635986328,45.94546890258789,213.3750762939453,22.01459503173828,-22.3603458404541,108.38069152832033,50.42642593383789,23.70362663269043,231.6678771972656,26.142492294311523,-41.08354568481445,28.543399810791016,18.29279327392578,6.2160162925720215,-22.79074478149414,24.04202461242676,65.72403335571289,-110.86963653564452,0.2805633460999767,0.5517073262913647,,,17.418750762939453,10.331587791442873,547.242431640625,593.0370546411723,FluxDataKit-v3,0.9618202267716482
US-xYE,44.9535,-110.5391,ENF,1.2805390480843142,1.2658322905818291,1.6334863731464488,51.79002835485233,40.44392744784331,84.23031662199125,4.456036873802073,1301,1461.0,Forest,131.14601135253906,78.94853973388672,-58.02861022949219,22.02188491821289,-21.882169723510746,81.94599914550781,117.42224884033205,40.31907653808594,215.227294921875,23.693405151367188,0.2728243470191955,96.99759674072266,71.19453430175781,30.084413528442383,239.2991943359375,21.86665153503418,-46.22771835327149,22.77590751647949,24.071889877319336,5.822131156921387,-22.15582847595215,21.72262382507324,73.11740112304688,-94.99957084655762,0.6148620880445645,1.2090813833967906,,,18.924219131469727,6.624303340911865,642.5621337890625,739.4442160148174,FluxDataKit-v3,0.5478159485011542
US-Fcr,65.3968,-148.9348,OSH,1.3338573630617132,0.9184028923883112,1.172278132037257,37.05640119526304,27.781382193823497,75.7762322479377,4.237720625461699,975,1461.0,Shrubland,86.692138671875,74.84782409667969,-46.740047454833984,13.432985305786133,-73.01173400878906,94.97881317138672,79.28223419189453,57.47640609741211,207.30682373046875,19.62820625305176,-58.65087890625,117.50848388671876,46.80949401855469,32.719276428222656,225.4150238037109,23.66080665588379,-32.47274398803711,29.73375129699707,18.10818672180176,7.374229907989502,-14.364559173583984,24.885967254638672,39.952091217041016,-112.96382522583008,0.4890240659368697,0.9616301047893188,,,7.540625095367432,9.26136875152588,414.7674560546875,389.3196128774434,FluxDataKit-v3,0.5170570374564585
US-Tw2,38.0969,-121.6365,CRO,1.3469907341305287,0.947440714036086,1.625929069882316,92.60543889100836,68.74987076342762,130.7234766759669,15.151423136393255,730,731.0,Cropland,182.84825134277344,77.48599243164062,-82.94524383544922,24.26352310180664,-3.1284122467041016,77.3818588256836,81.81661987304688,17.62238121032715,257.1395874023437,28.415586471557617,-0.2977011203765869,79.12359619140625,61.39570999145508,17.496355056762695,274.7258605957031,18.82968521118164,-20.420907974243164,14.646413803100586,17.586288452148438,10.863920211791992,-2.8346197605133057,8.059957504272461,99.90300750732422,-103.03141975402832,0.7084070990596103,1.3930308145410015,,,5.927083492279053,15.127497673034668,394.25390625,452.46768568176776,FluxDataKit-v3,0.04123091038625222
IT-Ren,46.58686,11.43369,ENF,1.3506828095619623,2.5108224147252343,1.428423509579642,70.23037775401252,51.99620314764265,94.5843100405796,5.654534608954648,5285,8036.0,Forest,116.6610336303711,60.78206253051758,-56.67610168457031,12.226866722106934,-35.753292083740234,77.38176727294922,118.43976593017578,47.523807525634766,219.19419860839844,15.352392196655272,-9.121082305908203,100.78799438476562,68.26832580566406,24.28925323486328,242.73570251464844,15.454423904418944,-50.17143630981445,28.99017333984375,23.54149627685547,5.41655158996582,-26.629941940307617,26.6551456451416,59.98493194580078,-95.73822402954102,0.7425161501297786,1.4601037719669958,-50.61478042602539,3.007741928100586,28.021093368530277,10.935749053955078,420.8860778808594,1033.2795267459005,FluxDataKit-v3,0.5121516635492055
US-Fmf,35.1426,-111.7273,ENF,1.3507935132908118,2.2102850558523337,1.6925271864159428,80.42075240382641,59.535933221877016,110.56728652468472,9.629292614698834,2173,2191.0,Forest,187.3416290283203,61.57172393798828,-108.44866180419922,24.341686248779297,4.275338172912598,64.19251251220703,94.8589096069336,26.69780731201172,248.2017059326172,21.37215232849121,2.143662929534912,63.93739700317383,75.05186462402344,19.689367294311523,270.1396179199219,22.23651123046875,-19.80704116821289,13.305279731750488,21.93791580200196,9.03785800933838,2.130876541137696,7.973755359649658,78.8929672241211,-74.6176290512085,0.7273467128622357,1.430274181635412,,,52.07682418823242,8.29106330871582,779.8929443359375,631.8187486613169,FluxDataKit-v3,0.03579143595845553
RU-Zot,60.80080032348633,89.35079956054686,WSA,1.3606930251666522,0.9061928834354196,1.376881321416532,67.82024801748786,49.84243085186793,107.03960954146196,13.61463569072023,143,365.0,Savanna,88.27721405029297,70.16485595703125,-41.95172882080078,11.049481391906738,-64.37487030029297,84.59224700927734,93.20645141601562,55.56153869628906,207.0115966796875,25.342098236083984,-43.56147003173828,110.89657592773438,51.12174224853516,28.28124046325684,228.2913055419922,27.135225296020508,-42.08470916748047,31.70687294006348,21.27969741821289,6.039747714996338,-20.805015563964844,29.487852096557617,46.32548522949219,-110.70035552978516,0.6335995460747413,1.2459272259311955,-48.84075546264648,11.280159950256348,20.67760467529297,10.404887199401855,551.6808471679688,691.6353106498718,FluxDataKit-v3,0.41741574815637505
FR-FBn,43.24079,5.67865,MF,1.3612856376343745,3.628635260099021,1.5910188703958126,52.72401253829205,38.7310429792789,97.2209743035864,13.83911674993858,4594,4749.0,Forest,162.54127502441406,76.21559143066406,-63.2459602355957,11.335929870605469,-8.346633911132812,89.2987289428711,81.99976348876953,24.32504844665528,241.45152282714844,18.75054359436035,-3.5625317096710205,92.99148559570312,54.94960784912109,19.09556579589844,263.7221374511719,14.661725044250488,-27.050153732299805,13.084890365600586,22.270606994628903,6.949213981628418,-4.7795491218566895,10.553571701049805,99.29531478881836,-107.64194869995116,0.542311089926478,1.066415145101942,-1.513437271118164,-0.3284093141555786,91.5609359741211,17.235965728759766,487.2213439941406,704.517571721226,FluxDataKit-v3,0.12340357383129981
IT-Cpz,41.70524978637695,12.376110076904297,EBF,1.3673000614259694,1.2124170774955632,1.6313287904651377,60.6990700179009,44.39337913478721,118.32038565091308,15.570531304229617,2840,2922.0,Forest,169.7399139404297,79.72322082519531,-69.86351013183594,9.444787979125977,-3.1545372009277344,89.9078140258789,80.29470825195312,20.07719993591309,246.4696350097656,21.28492927551269,10.07162857055664,102.87704467773438,41.51463317871094,8.872980117797852,272.0226135253906,11.233622550964355,-38.78007507324219,15.960102081298828,25.552988052368164,11.077004432678224,-13.227090835571287,16.235790252685547,99.87640380859376,-103.03094100952148,0.5130060190725256,1.0087888638632951,-20.077882766723636,2.686349868774414,205.68333435058597,19.41700935363769,390.7455749511719,959.62485531345,FluxDataKit-v3,0.29795188141482054
FI-Sod,67.36186218261719,26.63783073425293,ENF,1.3794560688723354,1.963920461480256,1.4382201552539695,42.72621112102171,30.9732307430052,57.152256428354896,6.445849242321303,688,2557.0,Forest,71.95066833496094,68.34686279296875,-38.24469375610352,10.445135116577148,-90.73773193359376,90.17310333251952,87.10716247558594,66.68232727050781,209.8095550537109,20.036413192749023,-72.77690124511719,121.28504180908205,49.25579452514648,37.15288162231445,229.70297241210932,21.74785423278809,-37.85136413574219,34.82658767700195,19.89341926574707,4.812496185302734,-17.957948684692383,33.03290557861328,33.70597457885742,-124.44370651245116,0.7475857261135888,1.470072722830813,-59.89785003662109,15.842479705810549,10.493489265441896,10.605984687805176,515.8119506835938,668.6598516535014,FluxDataKit-v3,0.579789329492142
AU-Gin,-31.375,115.6500015258789,WSA,1.4135199622036003,1.630592485716608,1.4074679470211908,77.1991053081433,54.614796658261625,133.2122815676386,18.649916383960235,2119,2192.0,Savanna,208.41177368164065,76.71505737304688,-77.9792251586914,7.935718059539795,14.433022499084473,87.5373764038086,75.96682739257812,14.578365325927734,268.8457336425781,12.387908935546877,24.398866653442383,91.8970718383789,46.42599105834961,11.63735580444336,288.4191589355469,6.80993127822876,-29.54083633422852,10.893181800842283,19.57343482971192,6.945092678070068,-9.967400550842283,10.29233455657959,130.43254852294922,-115.99952602386476,0.5795194286868018,1.1395826253824437,-5.258097171783447,-10.849382400512695,22.667186737060547,17.96373748779297,669.5496215820312,425.71689118631184,FluxDataKit-v3,0.1825036649538547
BW-Ma1,-19.91650009155273,23.56032943725586,SAV,1.453183342896484,3.500316781332832,1.4182747104318647,68.90707850623427,47.41802116234607,138.2569539401987,22.07544553457215,363,366.0,Savanna,205.36257934570312,24.80703353881836,-90.61515808105467,24.076335906982425,26.58467102050781,60.48188400268555,98.08364868164062,34.93281936645508,268.69488525390625,26.205427169799805,29.00454330444336,62.45691680908203,74.445068359375,15.009888648986816,289.9107971191406,8.522278785705566,-23.638591766357425,22.5637435913086,21.21592330932617,19.35565757751465,-2.422666072845459,6.819480419158936,114.74742126464844,-88.16275024414062,0.4983986450044252,0.9800645297573792,-0.2930213212966919,-5.080426216125488,163.96067810058594,22.83156967163086,789.1685180664062,540.7914746319875,FluxDataKit-v3,0.05109167387122559
CA-Qfo,49.6925,-74.3421,ENF,1.4550902330345394,3.364851805646594,1.541834049813497,58.94615938243244,40.51031203714584,86.41598690460452,4.066663523414967,2421,2922.0,Forest,110.49252319335938,67.98575592041016,-37.76885986328125,11.121827125549316,-38.72602844238281,81.28128814697266,113.23883819580078,41.94921875,213.6600646972656,21.106779098510746,-8.333715438842773,102.6867218017578,60.475955963134766,23.06728744506836,236.0337371826172,24.81853675842285,-52.76287841796875,28.423940658569336,22.3736629486084,5.8500752449035645,-30.389219284057617,24.750661849975582,72.72366333007812,-111.44969177246094,0.682120999757877,1.3413411203383214,,,16.917448043823242,11.510542869567873,621.3583374023438,1093.193267006427,FluxDataKit-v3,0.750160089021094
CA-NS3,55.9117,-98.3822,ENF,1.4595177077390349,2.4301078286306,1.2904102386167762,47.20455672724526,32.34257212293141,112.2761686961692,4.858643646602343,1194,1826.0,Forest,111.0318603515625,72.68370819091797,-45.30782699584961,11.194859504699709,-45.14560317993164,87.97476959228516,91.50995635986328,45.94546890258789,213.3750762939453,22.01459503173828,-22.3603458404541,108.38069152832033,50.42642593383789,23.70362663269043,231.6678771972656,26.142492294311523,-41.08354568481445,28.543399810791016,18.29279327392578,6.2160162925720215,-22.79074478149414,24.04202461242676,65.72403335571289,-110.86963653564452,0.4204325572863607,0.8267499133106411,,,16.827863693237305,10.276135444641112,547.7139282226562,599.6174301253632,FluxDataKit-v3,0.7046670467292592
DK-ZaH,74.47319793701172,-20.55030059814453,GRA,1.460554603525409,1.3112445852746482,1.8879191386516192,27.69301446053944,18.96061564127457,58.29215817289557,-3.616144700593563,2528,5114.0,Grassland,58.4371452331543,66.93553924560547,-42.0201530456543,13.571309089660645,-101.21822357177734,81.30168914794922,91.86203002929688,86.37987518310547,197.84915161132807,23.73712730407715,-130.42840576171875,53.835594177246094,116.35780334472656,113.6143798828125,202.5607452392578,21.29373359680176,24.49578285217285,32.22065353393555,4.711606502532959,5.658143997192383,29.2073917388916,29.73884010314941,16.4169921875,-117.63521575927734,0.4750727255354222,0.9341958129687452,,,,,,,FluxDataKit-v3,1.5404242294385873
CA-Ca2,49.8705,-125.2909,ENF,1.4720629158571676,1.7191716579551115,1.2346684094416835,55.23809216075978,37.52427397343624,78.7899593118936,10.031871283217736,3454,4383.0,Forest,123.2424545288086,76.02489471435547,-43.89413070678711,10.334586143493652,-34.13883209228516,88.00364685058594,100.86959075927734,38.45816040039063,221.438217163086,21.57464027404785,-9.719732284545898,116.92957305908205,42.45783233642578,14.113414764404297,255.43118286132807,12.204648971557615,-58.4117546081543,28.12261962890625,33.99296188354492,11.775673866271973,-24.41879844665528,32.29859924316406,79.34832382202148,-113.48715591430664,0.7010803488563474,1.3786232954504416,,,18.30182266235352,13.4822416305542,346.5571594238281,2119.7111066430807,FluxDataKit-v3,0.6507467263441675
US-Me3,44.3154,-121.6078,ENF,1.5064683105340044,1.9101713759111,1.91986314899024,47.309083034157325,31.403968276894897,102.65175991992604,9.31125002944546,1983,2192.0,Forest,156.67269897460938,84.33118438720703,-72.12608337402344,23.68497467041016,-10.438434600830078,86.88113403320312,90.39170837402344,27.64672470092773,230.8153533935547,27.038646697998047,3.0447492599487305,97.82622528076172,52.75547409057617,15.459646224975586,254.96600341796875,19.29177474975586,-37.63623046875,17.718093872070312,24.15063095092773,9.493037223815918,-13.485601425170898,16.130231857299805,84.54661560058594,-94.98505020141602,0.4608696730680602,0.9062665477569168,,,7.118229389190674,10.45803928375244,604.6713256835938,710.6410776032135,FluxDataKit-v3,0.42942348260785795
AU-Whr,-36.67319869995117,145.02940368652344,EBF,1.5075183168658837,1.5585041977544398,1.4195052337084288,75.16267993203242,49.85855169461219,109.06482786420788,15.150460759943202,550,731.0,Forest,167.8288116455078,68.90467834472656,-73.54962158203125,19.070253372192383,-9.542510032653809,83.11083221435547,100.68467712402344,29.56561851501465,249.87921142578125,14.044955253601074,2.453470468521118,86.91426086425781,67.26958465576172,21.08513069152832,271.29742431640625,15.329140663146973,-33.41508483886719,12.900187492370604,21.41823959350586,6.139848709106445,-11.996849060058594,9.960341453552246,94.27919006347656,-103.82170009613036,0.6891559946861546,1.3551749239919544,-10.292000770568848,-13.250741004943848,14.838281631469728,16.39077377319336,674.0221557617188,517.0197656843811,FluxDataKit-v3,0.24061768046413182
ES-ES1,39.345970153808594,-0.3188099861145019,ENF,1.5133175575221396,1.0693668253519342,1.7199053927036627,75.24629854388458,49.72274204436681,123.27279316642246,18.381879936809483,2353,2922.0,Forest,172.24607849121094,69.67493438720703,-68.95846557617188,11.332160949707031,-1.7369686365127563,81.21930694580078,86.12239074707031,24.170839309692383,247.44061279296875,19.22943115234375,2.1309871673583984,84.3254623413086,57.77009201049805,17.57723617553711,271.9228210449219,15.251070022583008,-28.352294921875,14.959906578063965,24.48219490051269,8.038111686706543,-3.8700997829437256,11.250163078308104,103.28761291503906,-105.02458155155182,0.6104047504001918,1.2003163545063866,,,207.7833404541016,21.17292022705078,469.9670715332031,462.3012599768117,FluxDataKit-v3,0.07783359532928609
US-SRG,31.789400100708008,-110.82769775390624,GRA,1.5209914719530644,3.326149642313751,1.879572750483733,59.09740594899526,38.85452814085135,87.27410658298759,18.9047643628037,2128,2191.0,Grassland,201.013412475586,53.68484115600586,-110.78571319580078,24.55056571960449,12.637150764465332,62.11225891113281,89.9322509765625,24.82460021972656,258.9263000488281,19.501314163208008,12.955599784851074,62.83829879760742,66.39157104492188,14.778125762939451,282.1473693847656,16.76688575744629,-23.540679931640625,16.378814697265625,23.221088409423828,14.61663818359375,-0.319592148065567,7.775238037109375,90.22769927978516,-77.59054851531982,0.6771470744624634,1.331560259566409,,,86.14140319824219,12.973994255065918,791.9916381835938,337.1654110378586,FluxDataKit-v3,0.008225351416108187
ES-LgS,37.09793472290039,-2.965830087661743,OSH,1.5440939413991632,1.2175921552144129,1.6630846999192253,54.69607786832522,35.42276567626642,124.38434781857625,6.226300975723071,349,365.0,Shrubland,175.5038604736328,66.36640930175781,-86.51719665527344,17.56967544555664,-2.5309534072875977,72.33818817138672,92.40109252929688,24.61164665222168,249.867904663086,22.17342758178711,2.6498003005981445,74.62684631347656,69.02198791503906,18.82562255859375,268.068115234375,18.6352596282959,-23.37910461425781,13.465217590332031,18.20022392272949,6.522365093231201,-5.178880214691162,9.962377548217772,88.98666381835938,-91.51761722564696,0.4397344105393669,0.864705597824361,,,67.47682189941406,12.2622709274292,478.8718872070313,520.8487680647522,FluxDataKit-v3,0.1462020290008315
US-Me4,44.49919891357422,-121.62239837646484,ENF,1.551212019808106,0.870104021367198,1.656671105536375,104.66794638960424,67.47494543173556,133.40661931731142,11.144376459336842,266,1827.0,Forest,156.67269897460938,84.33118438720703,-72.12608337402344,23.68497467041016,-10.438434600830078,86.88113403320312,90.39170837402344,27.64672470092773,230.8153533935547,27.038646697998047,3.0447492599487305,97.82622528076172,52.75547409057617,15.459646224975586,254.96600341796875,19.29177474975586,-37.63623046875,17.718093872070312,24.15063095092773,9.493037223815918,-13.485601425170898,16.130231857299805,84.54661560058594,-94.98505020141602,0.784578358444483,1.5428160321741673,,,6.350260257720947,10.884317398071287,595.6436157226562,693.5701228212565,FluxDataKit-v3,0.19986087189672927
CA-NS2,55.9058,-98.5247,ENF,1.5574354658751906,3.2821095138291057,1.3412492786083867,51.32372284469174,32.953996469992234,108.85880822911432,2.901872736142028,1215,1826.0,Forest,111.0318603515625,72.68370819091797,-45.30782699584961,11.194859504699709,-45.14560317993164,87.97476959228516,91.50995635986328,45.94546890258789,213.3750762939453,22.01459503173828,-22.3603458404541,108.38069152832033,50.42642593383789,23.70362663269043,231.6678771972656,26.142492294311523,-41.08354568481445,28.543399810791016,18.29279327392578,6.2160162925720215,-22.79074478149414,24.04202461242676,65.72403335571289,-110.86963653564452,0.4714705560313601,0.9271124097603082,,,16.827863693237305,10.276135444641112,547.7139282226562,599.6174301253632,FluxDataKit-v3,0.6915927420896368
ZA-Kru,-25.019699096679688,31.49690055847168,SAV,1.5847656635810787,4.025782763656252,1.8496036499497168,71.84156396734798,45.33261012546696,113.29412459693712,21.60806862034212,1022,1096.0,Savanna,177.00282287597656,30.583690643310547,-63.13028717041016,17.3977108001709,1.7859553098678589,64.1200180053711,110.50238800048828,41.27503204345703,265.8088684082031,16.201444625854492,28.95389175415039,78.8874282836914,63.3271369934082,13.213533401489258,285.8138732910156,5.100077152252197,-47.17524719238281,29.08626747131348,20.004976272583008,13.26672077178955,-27.17027282714844,17.974441528320312,113.8725357055664,-112.08658039569856,0.6341155309062709,1.2469418724121677,-9.278834342956545,-43.26308441162109,81.39348602294922,26.976449966430664,669.4348754882812,530.701166135259,FluxDataKit-v3,0.599353815100197
US-xMB,38.2483,-109.3883,OSH,1.60812433768828,2.222261337872905,1.695413959658675,59.53429960140422,37.02095553568097,63.84796021275177,11.30834919131058,1581,1826.0,Shrubland,172.75143432617188,67.29298400878906,-93.61566925048828,25.31591415405273,-3.6379003524780273,69.36418151855469,98.49337768554688,25.052471160888672,240.96859741210932,24.67136001586914,-5.293428897857666,69.18174743652344,76.74276733398438,21.08102035522461,264.3769836425781,25.42243385314941,-21.75061416625977,11.01860237121582,23.408342361450195,6.946856021881104,1.6577304601669312,8.730690002441406,79.1357650756836,-82.77366542816162,0.9324385525085886,1.8335723033192983,,,17.75130271911621,8.81958293914795,817.9701538085938,289.11579080158845,FluxDataKit-v3,0.04477816512783423
IE-Ca1,52.85879135131836,-6.918139934539795,CRO,1.617178556549556,2.2940020042923863,1.7581896786075588,32.34522995910771,20.00102575445975,62.97687196525275,12.038377265401335,553,1096.0,Cropland,99.00946807861328,58.96268844604492,-44.80055618286133,6.7766313552856445,-62.08930206298828,82.99797821044922,111.38058471679688,52.97161865234375,224.7737274169922,12.052884101867676,-22.71349334716797,124.04630279541016,42.5352783203125,17.51742172241211,254.2490081787109,8.325546264648438,-68.84529876708984,40.1761474609375,29.47527503967285,6.889101982116699,-39.37002182006836,43.53691482543945,54.20891189575195,-116.29821395874023,0.5136048989056502,1.0099665173098191,,,12.820833206176758,15.797143936157228,670.777099609375,902.9570478014648,FluxDataKit-v3,1.9684001362425019
CA-LP1,55.1119,-122.8414,ENF,1.667084059580236,2.273778601676397,1.8059252715459968,46.773664426317,28.05717213689536,75.49797959038163,5.891130658352036,3982,5114.0,Forest,105.09268188476562,71.37487030029297,-44.98041534423828,9.884037971496582,-48.225807189941406,88.09184265136719,99.0234832763672,49.30425262451172,208.93585205078125,17.871875762939453,-25.09125709533692,112.86940002441406,50.69229507446289,26.58324241638184,234.1324615478516,18.57601547241211,-48.33118438720703,28.21394157409668,25.196638107299805,5.552943706512451,-23.134546279907227,27.123441696166992,60.112266540527344,-108.33807373046876,0.6195353131314247,1.2182709391732984,,,13.726041793823242,9.776688575744627,495.9670715332031,926.7012646887453,FluxDataKit-v3,0.8245501780090357
ES-Abr,38.701839,-6.785881,SAV,1.759774304365884,3.076270581968019,1.2636596206079562,69.90757575766733,39.72530771942245,87.86605989033247,17.473732895185737,2188,2192.0,Savanna,173.41859436035156,71.265869140625,-85.16078186035156,24.602195739746094,-9.425545692443848,75.23332977294922,89.9224853515625,23.720531463623047,255.3259429931641,23.95760726928711,1.8262978792190552,78.61885070800781,63.05826187133789,18.149057388305664,270.9342041015625,18.61314392089844,-26.864238739013672,15.87183666229248,15.608280181884766,7.494028091430664,-11.255955696105955,11.65316104888916,88.2578125,-97.68335819244383,0.7956152335147438,1.5645192408087536,,,20.110937118530277,17.017627716064453,642.9270629882812,448.8185502123088,FluxDataKit-v3,0.2833447074999675
DK-Lva,55.68330001831055,12.08329963684082,GRA,1.7686831382816244,1.7668656560551286,2.281101118870001,61.90678847018143,35.00162755570078,106.76241282556234,10.48761579165671,106,730.0,Grassland,107.50135803222656,75.4455795288086,-48.942779541015625,10.77464771270752,-56.48950958251953,96.17019653320312,91.16607666015624,43.07532501220703,225.04640197753903,16.273746490478516,-34.20949172973633,123.42052459716795,41.51847457885742,18.676795959472656,252.41506958007807,13.042752265930176,-49.64760208129883,27.96532821655273,27.3686580657959,7.132199764251709,-22.278940200805664,30.857154846191406,58.55857849121094,-115.04808807373048,0.5798556517388764,1.1402437834548582,-55.58432769775391,8.417537689208984,22.32135391235352,15.159398078918455,611.9197998046875,710.4133651591837,FluxDataKit-v3,0.6365115497944053
IT-Noe,40.606178283691406,8.151689529418945,CSH,1.7694741555045157,3.4106668404702214,2.221580742647266,62.80856348587167,35.49560941056163,106.89824164618224,16.43291112305638,3970,4018.0,Shrubland,170.5679473876953,78.22175598144531,-62.91844940185547,14.910931587219238,-4.141821384429932,88.16514587402344,83.21553039550781,20.20279312133789,248.6791839599609,20.734418869018555,2.4382998943328857,95.3117446899414,49.609806060791016,14.308083534240724,275.7037658691406,12.291226387023926,-33.6057243347168,17.136001586914062,27.02459144592285,10.32945728302002,-6.581132888793945,14.927977561950684,107.64949798583984,-111.79131937026978,0.5875546923751931,1.1553833844879782,-5.059063911437988,1.79433274269104,165.30416870117188,18.786081314086918,526.2255249023438,591.7099572252482,FluxDataKit-v3,0.18540695590468567
IT-Cp2,41.704266,12.357293,EBF,1.7711233839312244,2.1265104372956705,2.107423388141488,66.23177613576945,37.3953484758131,99.92045796002216,-79.1692665095908,3035,3288.0,Forest,169.7399139404297,79.72322082519531,-69.86351013183594,9.444787979125977,-3.1545372009277344,89.9078140258789,80.29470825195312,20.07719993591309,246.4696350097656,21.28492927551269,10.07162857055664,102.87704467773438,41.51463317871094,8.872980117797852,272.0226135253906,11.233622550964355,-38.78007507324219,15.960102081298828,25.552988052368164,11.077004432678224,-13.227090835571287,16.235790252685547,99.87640380859376,-103.03094100952148,0.6628450017940126,1.3034362783620932,-20.077882766723636,2.686349868774414,322.68670654296875,19.808202743530277,416.5606689453125,946.7208385467528,FluxDataKit-v3,0.353709522031234
FI-Var,67.7549,29.61,ENF,1.7829458476711455,2.644473118656169,1.756573628054145,52.18022967234559,29.266300903363128,73.13244948447716,7.06961319326958,897,1827.0,Forest,70.27783966064453,66.63426208496094,-37.15760040283203,10.258039474487305,-91.9402847290039,88.93798065185547,88.51148986816406,68.03331756591797,209.6136474609375,19.81622695922852,-73.39486694335938,120.49710845947266,49.46126556396485,37.761043548583984,230.11593627929688,21.44844055175781,-39.05022430419922,35.30827713012695,20.50228500366211,4.742269515991211,-18.54793930053711,33.47914505004883,33.1202392578125,-125.0605239868164,0.7135031034810503,1.403051734996947,-61.391693115234375,15.967910766601562,9.345833778381348,10.062406539916992,524.80859375,659.7487273393199,FluxDataKit-v3,0.6337643886660674
US-Fuf,35.089,-111.762,ENF,1.8152126593712,2.7307545751242874,1.815102283172637,95.30661480314696,52.504379754690426,112.52013331672876,8.96217847431541,2133,2191.0,Forest,187.3416290283203,61.57172393798828,-108.44866180419922,24.341686248779297,4.275338172912598,64.19251251220703,94.8589096069336,26.69780731201172,248.2017059326172,21.37215232849121,2.143662929534912,63.93739700317383,75.05186462402344,19.689367294311523,270.1396179199219,22.23651123046875,-19.80704116821289,13.305279731750488,21.93791580200196,9.03785800933838,2.130876541137696,7.973755359649658,78.8929672241211,-74.6176290512085,0.8470183245772729,1.6655996646325903,,,32.90755081176758,8.930072784423828,753.3184814453125,483.5638403892517,FluxDataKit-v3,0.04058473885594918
CA-NS7,56.6358,-99.9483,OSH,1.8593101296048853,1.387702137648645,2.240658009621355,68.45552235116125,36.8176998883497,104.15352042970616,4.169718814406577,1308,1826.0,Shrubland,104.66303253173828,73.67776489257812,-42.855106353759766,10.154977798461914,-50.47978210449219,89.10049438476562,93.82300567626952,47.10361862182617,211.59487915039065,22.25174140930176,-29.949352264404297,108.8322525024414,55.74750900268555,28.681909561157227,229.13845825195312,27.10459899902344,-38.07549285888672,28.167800903320312,17.5435848236084,6.903868675231934,-20.53190994262696,23.64476585388184,61.80792617797852,-112.2877082824707,0.657255962820405,1.292445841473133,,,13.905729293823242,10.071768760681152,541.4293212890625,581.0104892589152,FluxDataKit-v3,0.5576641127742995
US-Ton,38.43159866333008,-120.96600341796876,WSA,1.8929592833718023,4.241816762119316,1.7929218076405944,85.45833616046986,45.14536414552384,105.30346623939631,16.528160646287382,4889,5113.0,Savanna,187.98789978027344,81.71734619140625,-83.84269714355469,23.950984954833984,4.024676322937012,79.8691635131836,81.59648132324219,22.84063148498535,250.20584106445312,27.90371894836425,12.314943313598633,83.24247741699219,57.331016540527344,13.490832328796388,266.1775817871094,21.23984146118164,-24.26546096801757,17.102449417114258,15.971779823303224,7.896627426147461,-8.293680191040039,13.126484870910645,104.14520263671876,-100.12052631378174,0.8115434297878603,1.5958408753010715,,,9.7421875,14.785696983337402,363.0418090820313,782.5712277553976,FluxDataKit-v3,0.18371056138357356
AU-Emr,-23.858699798583984,148.47459411621094,GRA,1.8978410842515443,3.170496680329376,2.2066428554023734,97.66582257774184,51.46153879172582,122.8959837178122,21.93411747832279,730,731.0,Grassland,205.06971740722656,43.69312286376953,-85.12169647216797,18.67519760131836,17.116867065429688,61.680912017822266,93.6950225830078,28.663476943969727,272.7873840332031,13.227727890014648,32.18621826171875,67.64239501953125,62.83831024169922,12.61820125579834,288.57275390625,8.198824882507324,-30.856708526611328,19.37923622131348,15.785372734069824,9.878215789794922,-15.071335792541504,11.753928184509276,119.9480209350586,-102.8311538696289,0.7947031271745818,1.5627256503158429,-8.947003364562988,-23.815183639526367,59.89323043823242,25.480064392089844,806.912353515625,499.0510060451925,FluxDataKit-v3,0.29286601501633935
CA-NS4,55.9144,-98.3806,ENF,1.997566537711177,1.8613831113959631,1.7151032887428217,41.84229921340158,20.94663603113052,123.08339828450616,8.285691461724772,649,1826.0,Forest,111.0318603515625,72.68370819091797,-45.30782699584961,11.194859504699709,-45.14560317993164,87.97476959228516,91.50995635986328,45.94546890258789,213.3750762939453,22.01459503173828,-22.3603458404541,108.38069152832033,50.42642593383789,23.70362663269043,231.6678771972656,26.142492294311523,-41.08354568481445,28.543399810791016,18.29279327392578,6.2160162925720215,-22.79074478149414,24.04202461242676,65.72403335571289,-110.86963653564452,0.3399507959366175,0.6684884084251665,,,16.827863693237305,10.276135444641112,547.7139282226562,599.6174301253632,FluxDataKit-v3,1.0880384204710933
US-Wjs,34.4255,-105.8615,SAV,2.087265635118466,3.0936887565215496,2.422921271459753,62.35842176098207,29.87565200700619,108.2455552270207,12.682897620261835,5263,5479.0,Savanna,186.83578491210932,56.81175231933594,-101.1428451538086,17.844350814819336,5.544190883636475,65.4271011352539,97.26399230957033,24.684799194335938,248.1979522705078,16.818279266357422,9.574353218078612,67.94129943847656,70.70790100097656,16.183378219604492,270.7262878417969,19.25119400024414,-26.55608940124512,12.350296974182127,22.528324127197266,8.053974151611328,-4.027764797210693,8.052846908569336,85.69293975830078,-80.1487488746643,0.5760829775430437,1.1328250952246086,,,49.689064025878906,10.249670028686523,901.5816650390624,286.43257421208546,FluxDataKit-v3,0.13481763665831076
BR-CST,-7.9682,-38.3842,DNF,2.1222082235450483,3.1769093215140347,2.092081849465866,73.70806489327705,34.731778001571975,125.96500102064178,26.48874293839117,705,730.0,Forest,211.70025634765625,25.438108444213867,-55.79076385498047,17.84170150756836,41.4091911315918,37.358680725097656,102.97024536132812,16.642662048339844,267.8634948730469,22.18231201171875,52.044898986816406,29.83893394470215,66.9300537109375,7.733165740966797,293.2701110839844,7.955502986907959,-36.04018783569336,11.930726051330566,25.40662002563477,16.816808700561523,-10.633567810058594,11.899993896484377,155.90949249267578,-114.50030136108398,0.5851471781530695,1.150649183627603,,,50.21458435058594,31.659114837646484,988.972412109375,423.5529218567535,FluxDataKit-v3,0.3061624950377523
US-Hn3,46.6878,-119.4614,OSH,2.152101925698426,3.2593678802291906,0.8002978844880422,38.07334084099925,17.691234967248697,78.4352221456421,13.068883633845989,684,730.0,Shrubland,147.2666778564453,83.55282592773438,-67.34928894042969,25.424097061157227,-18.547168731689453,87.49466705322266,89.4945068359375,23.847820281982425,230.9416656494141,29.43718719482422,-15.181428909301758,93.9992904663086,59.71481704711914,19.89769554138184,257.35400390625,22.57035446166992,-29.77968978881836,13.400174140930176,26.41234970092773,9.194896697998049,-3.3673434257507324,10.477829933166504,79.91738891601562,-98.46455764770508,0.485411270593496,0.9545258066440422,,,2.8174479007720947,13.53695011138916,647.8570556640625,231.25288600567728,FluxDataKit-v3,0.190339647400795
AR-SLu,-33.46480178833008,-66.45980072021484,MF,2.276925409560019,2.465534686407963,2.830470505118217,56.57847660704591,24.848629809958872,121.134738048286,20.763952428216243,297,365.0,Forest,189.2081451416016,67.20865631103516,-80.9676513671875,15.629220962524414,7.023907661437988,80.19786834716797,88.56668853759766,24.71815299987793,256.6122741699219,14.638310432434082,17.494121551513672,84.77650451660156,56.78696823120117,15.610892295837402,277.9195861816406,13.77840805053711,-31.77972412109375,13.383113861083984,21.307308197021484,6.399587154388428,-10.472415924072266,12.301653861999512,108.24049377441406,-101.21658611297607,0.467070615074042,0.9184602472624428,,,119.33333587646484,18.4780387878418,704.9360961914062,557.099535362795,FluxDataKit-v3,0.4214484260969236
AU-TTE,-22.28700065612793,133.63999938964844,GRA,2.308271323627359,4.406604777958102,3.478919141229925,81.57342328098996,35.33961646796377,121.92836724368678,24.187090573771552,1318,1826.0,Grassland,219.2236328125,43.11846923828125,-113.70294189453124,20.01727867126465,20.92087173461914,59.98617935180664,88.28761291503906,26.402576446533203,276.9894104003906,13.918231964111328,27.726213455200195,64.9080581665039,64.9961166381836,11.03011989593506,293.4732666015625,10.043861389160156,-23.291501998901367,18.681190490722656,16.483827590942383,10.889731407165527,-6.807676315307617,10.121838569641112,105.52069091796876,-84.59981918334961,0.6690274390204604,1.3155935895703514,-2.396648406982422,-12.729640007019045,38.58697891235352,19.665660858154297,881.8716430664062,278.19007635116577,FluxDataKit-v3,0.19263582901299856
US-Wkg,31.7365,-109.9419,GRA,2.4459925095760044,5.227526474015469,3.4037781811018544,81.05148995422356,33.136442420370805,90.65766290983056,17.685451204036774,5955,6575.0,Grassland,200.9079132080078,53.63906478881836,-112.19912719726562,24.951663970947266,12.648313522338867,62.34705352783203,90.03174591064453,22.944414138793945,258.8119506835937,18.94390296936035,13.070098876953123,62.74813461303711,66.42560577392578,14.402472496032717,281.9985046386719,17.26626968383789,-23.60612869262696,14.28068733215332,23.18654060363769,12.69544792175293,-0.4195860922336578,7.0991644859313965,88.70878601074219,-76.06047248840332,0.8940390404155748,1.7580624676895922,,,62.01250076293945,12.951211929321287,813.9547119140625,222.46649576118216,FluxDataKit-v3,0.012662375969959738
US-Aud,31.590700149536133,-110.50920104980467,GRA,2.452596384341718,5.0886629994785855,3.040598185847287,79.75225425058765,32.517480152770155,60.51169824519537,16.241781117266633,985,1096.0,Grassland,201.013412475586,53.68484115600586,-110.78571319580078,24.55056571960449,12.637150764465332,62.11225891113281,89.9322509765625,24.82460021972656,258.9263000488281,19.501314163208008,12.955599784851074,62.83829879760742,66.39157104492188,14.778125762939451,282.1473693847656,16.76688575744629,-23.540679931640625,16.378814697265625,23.221088409423828,14.61663818359375,-0.319592148065567,7.775238037109375,90.22769927978516,-77.59054851531982,1.317964237715308,2.591680402465836,,,89.64375305175781,12.1532621383667,785.9727783203125,368.4573457576335,FluxDataKit-v3,0.009828318386421496
US-SRM,31.821399688720703,-110.86599731445312,WSA,2.4782264569322545,4.650035933808083,3.763555621393601,80.52172931975767,32.49167528436197,102.82939656783292,19.29835022929815,3834,4018.0,Savanna,201.013412475586,53.68484115600586,-110.78571319580078,24.55056571960449,12.637150764465332,62.11225891113281,89.9322509765625,24.82460021972656,258.9263000488281,19.501314163208008,12.955599784851074,62.83829879760742,66.39157104492188,14.778125762939451,282.1473693847656,16.76688575744629,-23.540679931640625,16.378814697265625,23.221088409423828,14.61663818359375,-0.319592148065567,7.775238037109375,90.22769927978516,-77.59054851531982,0.7830613813496446,1.539833007525109,,,86.14140319824219,12.973994255065918,791.9916381835938,337.1654110378586,FluxDataKit-v3,0.009836124030803197
US-Mpj,34.4385,-106.2377,WSA,2.5217097275444806,3.703989089863791,2.632671517186305,73.87261849383714,29.29465579917112,108.18443062179344,11.255491024170578,4664,4749.0,Savanna,189.4603729248047,57.80615615844727,-101.1104965209961,19.41444969177246,7.028194427490234,64.89292907714844,94.79368591308594,23.292465209960938,249.1839599609375,18.339984893798828,7.065587043762207,64.33181762695312,71.9691390991211,17.07228660583496,271.9731140136719,20.823659896850582,-22.82454490661621,9.93444538116455,22.78916358947754,8.538538932800293,-0.0353826843202114,6.6134138107299805,88.3498764038086,-81.32168197631836,0.6828396477131868,1.3427542890486328,,,57.05182266235352,10.172277450561523,841.6548461914062,374.1385141620413,FluxDataKit-v3,0.0012078204489848463
AU-ASM,-22.28300094604492,133.24899291992188,SAV,2.588129367040814,6.371800267886863,3.9126127885208,108.20796823585452,41.80933519547213,136.63457326393888,23.940857151727016,1810,2557.0,Savanna,219.2236328125,43.11846923828125,-113.70294189453124,20.01727867126465,20.92087173461914,59.98617935180664,88.28761291503906,26.402576446533203,276.9894104003906,13.918231964111328,27.726213455200195,64.9080581665039,64.9961166381836,11.03011989593506,293.4732666015625,10.043861389160156,-23.291501998901367,18.681190490722656,16.483827590942383,10.889731407165527,-6.807676315307617,10.121838569641112,105.52069091796876,-84.59981918334961,0.7919515950536743,1.5573149633863757,-2.396648406982422,-12.729640007019045,40.97499847412109,19.376558303833008,898.0035400390625,290.98822531523183,FluxDataKit-v3,0.162826705650294
AU-Ync,-34.98929977416992,146.2906951904297,GRA,2.588129367040814,6.371800267886863,3.9126127885208,108.20796823585452,41.80933519547213,136.63457326393888,23.940857151727016,1810,2557.0,Grassland,178.48277282714844,64.90855407714844,-87.75305938720703,20.94623565673828,-4.636867046356201,77.9802017211914,96.87542724609376,29.182971954345703,256.32763671875,14.298310279846191,6.880768775939941,81.57305145263672,67.46995544433594,20.97494506835937,274.21685791015625,15.508452415466309,-29.40546989440918,13.200727462768556,17.889205932617188,5.9892754554748535,-11.516263008117676,9.38402271270752,90.7297134399414,-95.3665804862976,0.7919515950536743,1.5573149633863757,-9.55185890197754,-13.867630958557127,17.480989456176758,16.924531936645508,697.7869873046875,424.8379525961354,FluxDataKit-v3,0.2754471687788249
US-Seg,34.3623,-106.702,GRA,2.6211955029931766,3.860334686145799,3.4250121600868595,56.122667589213926,21.41109563370101,84.29349723324839,15.404672187974858,4377,5479.0,Grassland,189.4603729248047,57.80615615844727,-101.1104965209961,19.41444969177246,7.028194427490234,64.89292907714844,94.79368591308594,23.292465209960938,249.1839599609375,18.339984893798828,7.065587043762207,64.33181762695312,71.9691390991211,17.07228660583496,271.9731140136719,20.823659896850582,-22.82454490661621,9.93444538116455,22.78916358947754,8.538538932800293,-0.0353826843202114,6.6134138107299805,88.3498764038086,-81.32168197631836,0.6658006777666015,1.309248399264157,,,35.04765701293945,11.382075309753418,881.6624755859375,203.89293204061687,FluxDataKit-v3,0.0016525396423207387
US-Jo2,32.5849,-106.6032,OSH,2.6951362242113217,5.004719457299861,3.874805931058898,95.700087451951,35.508441685523984,116.23610734280356,17.934654636302078,3689,4018.0,Shrubland,186.0637969970703,52.34504318237305,-103.7888412475586,20.43671417236328,-0.275077223777771,60.15061950683594,100.30706024169922,22.31791877746582,258.0583801269531,18.24138259887696,-0.7586976885795593,59.55934143066406,80.12830352783203,18.31436538696289,278.7198181152344,18.329740524291992,-20.178760528564453,8.477827072143555,20.661453247070312,7.732235431671143,0.4826910197734833,6.079410076141357,82.27495574951172,-82.55003297328949,0.8233249515979771,1.619008377356692,,,57.10651016235352,13.155333518981934,856.287353515625,299.07263320637867,FluxDataKit-v3,0.013593697635294028
US-Jo1,32.582,-106.635,OSH,2.801180877309955,4.34811089238074,3.899499341917828,98.32043165314244,35.09963688869747,90.61728546336082,17.706076103946927,3726,4018.0,Shrubland,186.0637969970703,52.34504318237305,-103.7888412475586,20.43671417236328,-0.275077223777771,60.15061950683594,100.30706024169922,22.31791877746582,258.0583801269531,18.24138259887696,-0.7586976885795593,59.55934143066406,80.12830352783203,18.31436538696289,278.7198181152344,18.329740524291992,-20.178760528564453,8.477827072143555,20.661453247070312,7.732235431671143,0.4826910197734833,6.079410076141357,82.27495574951172,-82.55003297328949,1.0850074701575143,2.13358793544418,,,49.14192581176758,13.008893966674805,877.8822631835938,255.06812758976596,FluxDataKit-v3,0.013752023170613368
US-Ses,34.3349,-106.7442,OSH,2.8208177135327483,3.865577236572557,3.763724412789275,58.17452651148363,20.623284600204368,85.68701938038498,15.829731057174618,4384,5479.0,Shrubland,189.4603729248047,57.80615615844727,-101.1104965209961,19.41444969177246,7.028194427490234,64.89292907714844,94.79368591308594,23.292465209960938,249.1839599609375,18.339984893798828,7.065587043762207,64.33181762695312,71.9691390991211,17.07228660583496,271.9731140136719,20.823659896850582,-22.82454490661621,9.93444538116455,22.78916358947754,8.538538932800293,-0.0353826843202114,6.6134138107299805,88.3498764038086,-81.32168197631836,0.6789187782718071,1.3350441856929711,,,35.04765701293945,11.382075309753418,881.6624755859375,203.89293204061687,FluxDataKit-v3,0.0017156667818016133
ES-LJu,36.926594,-2.752115,OSH,2.832848206073167,3.566896847336032,3.093954753693276,88.78774066286992,31.34221610339849,92.9483354660428,12.023860798738772,6056,6210.0,Shrubland,198.7910614013672,73.16448211669922,-73.89208221435547,7.856150150299072,18.128887176513672,83.17594909667969,69.09054565429688,15.714789390563965,256.3576965332031,18.167282104492188,28.90406608581543,91.68798828125,39.29851531982422,7.15036678314209,275.3724975585937,10.505598068237305,-29.792028427124023,12.05198097229004,19.014822006225582,8.869806289672852,-10.777206420898438,10.77885913848877,124.89897918701172,-106.77009201049805,0.9552375544724748,1.8784048753229303,,,68.25130462646484,13.441588401794434,472.2890625,385.0105404853821,FluxDataKit-v3,0.34385591578286157
US-Whs,31.7438,-110.0522,OSH,2.8612248040345416,5.665726611041689,4.122923875947473,77.15257055387231,26.96487547748132,98.46552251371168,18.08462381421931,4471,5114.0,Shrubland,201.013412475586,53.68484115600586,-110.78571319580078,24.55056571960449,12.637150764465332,62.11225891113281,89.9322509765625,24.82460021972656,258.9263000488281,19.501314163208008,12.955599784851074,62.83829879760742,66.39157104492188,14.778125762939451,282.1473693847656,16.76688575744629,-23.540679931640625,16.378814697265625,23.221088409423828,14.61663818359375,-0.319592148065567,7.775238037109375,90.22769927978516,-77.59054851531982,0.7835490899175245,1.54079205079906,,,62.01250076293945,12.951211929321287,813.9547119140625,222.46649576118216,FluxDataKit-v3,0.01185216480352235
US-Cop,38.09,-109.39,GRA,2.86510778776572,4.193844514334551,2.2895610102755093,57.81550146956968,20.17917151893808,81.0611732432469,10.876191047437665,2457,2556.0,Grassland,172.75143432617188,67.29298400878906,-93.61566925048828,25.31591415405273,-3.6379003524780273,69.36418151855469,98.49337768554688,25.052471160888672,240.96859741210932,24.67136001586914,-5.293428897857666,69.18174743652344,76.74276733398438,21.08102035522461,264.3769836425781,25.42243385314941,-21.75061416625977,11.01860237121582,23.408342361450195,6.946856021881104,1.6577304601669312,8.730690002441406,79.1357650756836,-82.77366542816162,0.7132329715494985,1.4025205402853993,,,20.77057266235352,8.712905883789062,807.675537109375,321.70002232305706,FluxDataKit-v3,0.08215057088003623
US-xSR,31.9107,-110.8355,OSH,2.8904948333081384,6.102613677597764,3.0780221057468014,98.34679500633354,34.02420716101982,86.5707693313931,20.52954537548436,1681,1826.0,Shrubland,201.013412475586,53.68484115600586,-110.78571319580078,24.55056571960449,12.637150764465332,62.11225891113281,89.9322509765625,24.82460021972656,258.9263000488281,19.501314163208008,12.955599784851074,62.83829879760742,66.39157104492188,14.778125762939451,282.1473693847656,16.76688575744629,-23.540679931640625,16.378814697265625,23.221088409423828,14.61663818359375,-0.319592148065567,7.775238037109375,90.22769927978516,-77.59054851531982,1.1360277350644972,2.233915559596759,,,79.16901397705078,13.69197940826416,793.984375,290.22533126408234,FluxDataKit-v3,0.009393081418564576
AU-Cpr,-34.00205993652344,140.58912658691406,SAV,3.119615764989356,3.106667171807723,3.271477511732792,61.00284814063105,19.55460311018117,93.64854469802722,17.89559137960209,2041,2557.0,Savanna,174.5445556640625,64.7975845336914,-87.51697540283203,21.06271171569824,-9.539578437805176,76.97787475585938,100.67929077148438,29.299501419067383,257.4286804199219,14.027846336364746,1.368682861328125,80.45387268066406,70.34032440185547,21.46255874633789,276.8602905273437,15.787493705749512,-30.33896446228028,12.240191459655762,19.431610107421875,6.154411792755127,-10.907350540161133,9.786994934082031,87.02758026123047,-96.56715869903564,0.6514019874770796,1.280934426565461,-8.538721084594727,-11.653888702392578,7.891145706176758,16.50071907043457,763.7764282226562,244.68195013469085,FluxDataKit-v3,0.5577894104371868
ES-Agu,36.940046,-2.033208,OSH,3.286993933424761,6.364097535612896,2.6161534412260696,69.7514054956637,21.22042416518513,80.82669959537351,16.318462411910367,3131,5479.0,Shrubland,198.7910614013672,73.16448211669922,-73.89208221435547,7.856150150299072,18.128887176513672,83.17594909667969,69.09054565429688,15.714789390563965,256.3576965332031,18.167282104492188,28.90406608581543,91.68798828125,39.29851531982422,7.15036678314209,275.3724975585937,10.505598068237305,-29.792028427124023,12.05198097229004,19.014822006225582,8.869806289672852,-10.777206420898438,10.77885913848877,124.89897918701172,-106.77009201049805,0.8629748071472195,1.6969769220614457,,,130.2981719970703,19.44283103942871,449.669921875,257.44674319867045,FluxDataKit-v3,0.507869509912052
AU-GWW,-30.19129943847656,120.6540985107422,SAV,3.291730374418646,3.399707132102052,3.571992226508676,85.15358623664075,25.86894324589989,113.61372561725402,19.58649511226696,1811,1826.0,Savanna,206.3348999023437,65.71683502197266,-101.08386993408205,22.26051902770996,11.146907806396484,76.0334243774414,83.98969268798828,22.094425201416016,267.4887390136719,13.37647819519043,21.060300827026367,77.5472412109375,56.02505111694336,14.059739112854004,285.5399169921875,14.29233741760254,-27.96464729309082,12.344955444335938,18.051170349121094,7.834694862365723,-9.913474082946776,9.282785415649414,105.25102996826172,-94.10412216186523,0.7495008703746693,1.4738387141280742,-9.467966079711914,-11.938084602355955,17.577083587646484,16.567476272583008,872.2839965820312,259.8326248698868,FluxDataKit-v3,0.3832191361167417
PT-Mi1,38.54064178466797,-8.000060081481934,EBF,3.3408033209883405,4.3653584979346505,2.71299975131443,57.38893410918468,17.178183986062006,134.80237896172497,16.366732365963948,269,365.0,Forest,174.62203979492188,71.9857406616211,-69.78824615478516,16.621789932250977,-6.486659049987793,78.89967346191406,87.4241943359375,23.10384178161621,254.88363647460932,20.42903709411621,2.348062753677368,81.66241455078125,62.21549224853516,17.152482986450195,271.25555419921875,15.595301628112791,-25.20871353149414,15.506651878356934,16.371946334838867,7.4423136711120605,-8.83676528930664,11.97752857208252,104.83379364013672,-111.32045269012453,0.4257264193051027,0.8371599062791266,,,23.964061737060547,17.22441864013672,607.701416015625,587.1978175127879,FluxDataKit-v3,0.5144178975191204
US-xNQ,40.1776,-112.4524,OSH,3.673372427270204,3.860698405255573,5.773950029630913,100.08481714023551,27.246030486108825,77.79290174031055,10.978322146825898,1757,1826.0,Shrubland,157.42340087890625,72.20022583007812,-79.56675720214844,25.362443923950195,-11.664263725280762,74.5305404663086,103.50508880615234,25.365453720092773,235.91909790039065,27.389057159423828,-9.0322847366333,80.80155944824219,74.08982849121094,17.756103515625,262.7025451660156,25.786693572998047,-29.41526222229004,14.213456153869627,26.783416748046875,7.304491996765137,-2.631844282150269,11.293072700500488,77.85664367675781,-89.52090740203857,1.2865546200389877,2.5299156836281096,,,22.789844512939453,9.041800498962402,747.9778442382812,406.2382777919993,FluxDataKit-v3,0.09659551263778017
US-SRC,31.9083,-110.8395,OSH,3.811714631821768,7.872786015485457,4.869205481527615,103.71607025696844,27.20982032366848,101.1276627601577,19.82458471277711,2480,2557.0,Shrubland,201.013412475586,53.68484115600586,-110.78571319580078,24.55056571960449,12.637150764465332,62.11225891113281,89.9322509765625,24.82460021972656,258.9263000488281,19.501314163208008,12.955599784851074,62.83829879760742,66.39157104492188,14.778125762939451,282.1473693847656,16.76688575744629,-23.540679931640625,16.378814697265625,23.221088409423828,14.61663818359375,-0.319592148065567,7.775238037109375,90.22769927978516,-77.59054851531982,1.0255954446702642,2.016758527088588,,,79.16901397705078,13.69197940826416,793.984375,290.22533126408234,FluxDataKit-v3,0.011745470725786807
IL-Yat,31.34499931,35.05149841,ENF,4.454658349092211,5.521479219964471,5.399813613481426,138.84135538987795,31.16767763304937,114.4047708520501,18.71488698442825,4265,7671.0,Forest,177.2931671142578,54.86817169189453,-98.49079895019533,17.800457000732422,-23.51404190063477,53.51442337036133,103.91190338134766,19.3005599975586,281.09112548828125,29.26858711242676,-27.83587074279785,50.73276519775391,96.57849884033205,24.00747299194336,292.7447509765625,24.229442596435547,-7.33341121673584,12.96906566619873,11.653620719909668,7.137671947479248,4.32020902633667,9.26447296142578,78.8023681640625,-102.31641006469728,1.2135976004831963,2.3864510338339446,11.146211624145508,-3.5436770915985107,41.20833206176758,15.45709228515625,537.368896484375,134.67355427565053,FluxDataKit-v3,0.13861183618492115
JP-Mse,36.05393,140.02693,CRO,0.089,,,6.0,66.8,,,107,,Cropland,147.88009643554688,40.72825241088867,-54.20696640014648,17.943078994750977,-2.914791822433472,68.2332992553711,114.99618530273438,41.57047271728516,231.49044799804688,10.432100296020508,23.28913307189941,84.25458526611328,54.235260009765625,13.962777137756348,266.0507202148437,12.936217308044434,-60.76091766357422,30.846105575561523,34.56025314331055,12.725062370300291,-26.200664520263672,20.66098976135254,93.6731300354004,-96.58792185783386,,,,,,,,,JapanFlux2024,0.3922255167704143
CN-Lsh,45.279839,127.578206,DNF,1.043,,,37.3,35.8,,,28,,Forest,127.7369613647461,59.4528694152832,-61.54340362548828,12.129084587097168,-20.84699249267578,77.20567321777344,104.73123168945312,38.51213073730469,222.4641571044922,20.597145080566406,-8.068731307983398,92.02906799316406,71.07457733154297,16.608522415161133,243.33921813964844,27.70527458190918,-33.656639099121094,26.937395095825195,20.87503242492676,10.02096462249756,-12.781609535217283,18.07442855834961,66.19355773925781,-87.0405502319336,,,,,,,,,JapanFlux2024,0.3570281993077454
ID-Pag,-2.323916667,113.9043917,EBF,0.274,,,29.8,108.7,,,94,,Forest,179.72264099121094,10.279353141784668,-26.02688789367676,5.075484752655029,74.65655517578125,25.792150497436523,125.74266815185548,18.036767959594727,214.9170684814453,24.282060623168945,67.74700164794922,20.341711044311523,70.4338150024414,6.288796424865723,277.13726806640625,4.9667744636535645,-55.30884552001953,16.148096084594727,62.220211029052734,21.655641555786133,6.91136360168457,11.560819625854492,153.69575309753418,-79.03919792175293,,,,,,,,,JapanFlux2024,0.06358200185542383
JP-Api,40.00135858,140.9365859,DBF,0.641,,,18.4,28.8,,,169,,Forest,121.9030532836914,56.68645095825195,-38.50263977050781,10.758051872253418,-23.714599609375,74.73991394042969,127.80795288085938,34.03446960449219,223.6576690673828,15.65750503540039,11.327290534973145,88.4730224609375,63.20476531982422,16.916656494140625,253.2167510986328,18.934423446655277,-64.6031723022461,21.653505325317383,29.559066772460938,7.096183300018311,-35.04411697387695,18.10634994506836,83.4004135131836,-107.1150131225586,,,,,,,,,JapanFlux2024,1.2168096171485052
JP-Fjy,35.45454,138.76225,ENF,0.505,,,20.1,39.8,,,132,,Forest,146.87294006347656,35.11529541015625,-63.48080062866211,15.777077674865724,-1.8810176849365237,60.77267837524414,120.69600677490234,45.588226318359375,228.51536560058597,10.380395889282228,30.70408821105957,77.59847259521484,55.58383941650391,15.394315719604492,261.0427551269531,16.126394271850586,-65.11216735839844,32.134376525878906,32.52743148803711,14.632352828979492,-32.58473587036133,20.144376754760746,83.39213943481445,-85.27315711975098,,,,,,,,,JapanFlux2024,0.818711956541742
JP-Fmt,35.638745,139.379748,MF,0.406,,,29.2,72.0,,,84,,Forest,147.6502685546875,38.993919372558594,-54.12937927246094,16.82107925415039,-2.6527769565582275,66.15814208984375,116.520263671875,42.76206207275391,233.4658660888672,11.504301071166992,25.454002380371094,80.59081268310547,52.80244827270508,13.253673553466797,269.0763244628906,14.617313385009766,-63.71782302856445,32.67947769165039,35.610443115234375,15.60349464416504,-28.10738182067871,20.33409309387207,93.52088928222656,-96.1736662387848,,,,,,,,,JapanFlux2024,0.3903803030649821
JP-Khw,33.13666,130.70829,ENF,0.207,,,16.8,81.4,,,97,,Forest,147.22874450683594,43.18529891967773,-49.046653747558594,11.21501636505127,-3.4095652103424072,66.54463195800781,122.67611694335938,35.62641143798828,235.31842041015625,11.909164428710938,32.19792938232422,85.66355895996094,48.1766357421875,10.51125431060791,274.2110900878906,10.044743537902832,-74.49946594238281,31.16345977783203,38.892669677734375,10.922245979309082,-35.6068000793457,24.504150390625,98.18209075927734,-101.59165596961977,,,,,,,,,JapanFlux2024,0.43742997640473835
JP-Kzw,36.406667,138.5725,MF,1.989,,,34.5,17.3,,,69,,Forest,140.24429321289062,42.5046272277832,-51.6357421875,11.214056968688965,-6.3885498046875,65.62802124023438,124.5870590209961,39.416622161865234,225.37852478027344,10.796856880187988,26.309494018554688,79.52130889892578,58.36631393432617,15.211868286132812,258.8989562988281,15.051949501037598,-66.22074890136719,25.988391876220703,33.52043914794922,10.455890655517578,-32.700313568115234,17.273454666137695,88.60855102539062,-94.99710083007812,,,,,,,,,JapanFlux2024,1.8901915357292043
JP-MBF,44.38416667,142.3186111,DBF,0.489,,,21.4,43.7,,,75,,Forest,110.07025146484376,56.15541458129883,-43.53020858764648,8.602091789245605,-36.11392974853516,74.4677963256836,127.17816925048828,40.99828338623047,219.68804931640625,17.29248046875,-10.428840637207031,99.36888885498048,74.90367126464844,24.490636825561523,246.28424072265625,20.637630462646484,-52.27449035644531,32.836421966552734,26.596162796020508,6.309958457946777,-25.67832565307617,29.244239807128903,66.54004287719727,-102.65397262573242,,,,,,,,,JapanFlux2024,0.5876047060200495
JP-MMF,44.32194444,142.2613889,MF,0.533,,,24.0,45.0,,,88,,Forest,110.07025146484376,56.15541458129883,-43.53020858764648,8.602091789245605,-36.11392974853516,74.4677963256836,127.17816925048828,40.99828338623047,219.68804931640625,17.29248046875,-10.428840637207031,99.36888885498048,74.90367126464844,24.490636825561523,246.28424072265625,20.637630462646484,-52.27449035644531,32.836421966552734,26.596162796020508,6.309958457946777,-25.67832565307617,29.244239807128903,66.54004287719727,-102.65397262573242,,,,,,,,,JapanFlux2024,0.5706294589572481
JP-SMF,35.261528,137.07875,MF,0.462,,,23.5,50.8,,,145,,Forest,145.8024139404297,40.10139846801758,-52.829345703125,13.609905242919922,-2.4760241508483887,63.66692733764648,121.6487274169922,40.301517486572266,228.1562957763672,11.027074813842772,31.196186065673828,77.56636810302734,56.30731964111328,13.848821640014648,259.8268737792969,16.496753692626953,-65.34141540527344,28.143930435180664,31.670555114746094,12.849204063415527,-33.670860290527344,17.87897491455078,92.97306823730467,-95.44909238815308,,,,,,,,,JapanFlux2024,0.6628122104434517
JP-Shn,35.865755,137.932563,MF,0.781,,,42.4,54.3,,,60,,Forest,145.8024139404297,40.10139846801758,-52.829345703125,13.609905242919922,-2.4760241508483887,63.66692733764648,121.6487274169922,40.301517486572266,228.1562957763672,11.027074813842772,31.196186065673828,77.56636810302734,56.30731964111328,13.848821640014648,259.8268737792969,16.496753692626953,-65.34141540527344,28.143930435180664,31.670555114746094,12.849204063415527,-33.670860290527344,17.87897491455078,92.97306823730467,-95.44909238815308,,,,,,,,,JapanFlux2024,0.6200895081128425
JP-Spp,42.986843,141.385331,DBF,0.434,,,17.2,39.7,,,152,,Forest,124.8987808227539,49.75617980957031,-50.11358642578125,10.545906066894531,-24.54230499267578,72.43414306640625,119.0732879638672,42.89119720458984,224.857666015625,13.906561851501465,16.77507972717285,102.03485107421876,45.07195281982422,14.303873062133787,257.54168701171875,16.407054901123047,-74.00132751464844,32.92519760131836,32.68402862548828,7.3352437019348145,-41.31729888916016,32.77547836303711,74.78519439697266,-99.32749938964844,,,,,,,,,JapanFlux2024,1.0407380072836312
JP-Tef,45.055808,142.107122,DNF,0.556,,,16.7,30.1,,,181,,Forest,124.0740966796875,60.42056655883789,-45.10924911499024,12.32823371887207,-25.30301856994629,81.25296020507812,110.5335464477539,40.62303924560547,221.1163787841797,15.741023063659668,11.758684158325195,112.11458587646484,47.60934066772461,15.059991836547852,246.9777069091797,16.78971290588379,-62.92420959472656,34.80168533325195,25.861328125,5.86313009262085,-37.06288146972656,34.71282196044922,78.96484756469727,-104.26786613464355,,,,,,,,,JapanFlux2024,1.2313249657716465
KH-Kmp,12.7445797843113,105.478566120114,EBF,0.182,,,19.2,105.5,,,25,,Forest,187.4471740722656,12.400619506835938,-34.68998336791992,11.616778373718262,61.313026428222656,35.5716552734375,110.955322265625,24.795419692993164,234.9877014160156,32.00709533691406,55.435302734375,32.16797637939453,67.44890594482422,6.655616283416748,284.3727722167969,8.866860389709473,-43.50641632080078,21.22432518005371,49.38507080078125,25.171979904174805,5.878655433654785,10.616333961486816,152.7571907043457,-91.44416427612305,,,,,,,,,JapanFlux2024,0.05572185245170413
MY-LHP,4.201007,114.039079,EBF,0.315,,,27.9,88.6,,,74,,Forest,194.52658081054688,13.650811195373535,-36.59912872314453,3.5362398624420166,89.74675750732422,14.945039749145508,114.10968017578124,10.492862701416016,210.9191131591797,13.765167236328123,68.33736419677734,13.383024215698242,68.77953338623047,4.697276592254639,277.6540832519531,4.99413013458252,-45.33015441894531,9.9440279006958,66.73497772216797,12.470645904541016,21.40481948852539,11.513023376464844,157.92745208740234,-68.18069458007812,,,,,,,,,JapanFlux2024,0.24158938474633626
RU-Ege,60.01551563,133.82401228,DNF,0.933,,,46.3,49.6,,,30,,Forest,100.4006805419922,73.79450225830078,-48.17856597900391,11.429757118225098,-51.62778472900391,84.6506576538086,82.61259460449219,50.9488639831543,204.86073303222656,29.20290946960449,-32.791160583496094,101.67723083496094,48.49343490600586,28.2884578704834,220.1495361328125,35.78849411010742,-34.1191520690918,26.943626403808597,15.288782119750977,8.381392478942871,-18.83037567138672,19.82941246032715,52.22211456298828,-103.8498992919922,,,,,,,,,JapanFlux2024,0.37964467079408704
RU-SkP,62.25471,129.618543,DNF,1.13,,,54.0,47.9,,,47,,Forest,94.47418975830078,76.90827178955078,-46.569480895996094,13.166165351867676,-58.68474197387695,86.5263900756836,81.14972686767578,51.20349884033203,204.1232147216797,31.096513748168945,-43.41841125488281,102.54624938964844,51.657527923583984,31.93198013305664,218.35302734375,37.48531723022461,-29.492197036743164,25.091455459594727,14.22982692718506,8.146231651306152,-15.262369155883787,18.565385818481445,47.90470886230469,-106.58945083618164,,,,,,,,,JapanFlux2024,0.31862983623974506
TH-Kog,18.8,98.9,EBF,0.359,,,26.3,73.3,,,59,,Forest,175.03379821777344,26.707002639770508,-52.43705368041992,24.316072463989254,26.997690200805664,40.72848892211914,118.80809020996094,45.249778747558594,251.0982818603516,33.01145935058594,49.69246292114258,49.94778823852539,65.78691864013672,9.788981437683104,281.4240417480469,11.838878631591797,-53.02117538452149,37.25062942504883,30.325742721557617,22.39899063110352,-22.695432662963867,17.976762771606445,122.59674453735352,-95.59905433654784,,,,,,,,,JapanFlux2024,0.30962391081806095
TH-Mae,18.3833333333,99.7166666667,DBF,0.506,,,33.8,66.8,,,75,,Forest,177.5312042236328,23.15425682067871,-43.60164642333984,22.673519134521484,31.02739715576172,46.74543762207031,114.47818756103516,39.012088775634766,251.3990020751953,33.50570297241211,43.334102630615234,50.10818862915039,67.382080078125,10.41554069519043,286.18585205078125,12.336167335510254,-47.09611511230469,31.41733741760254,34.786888122558594,22.83036422729492,-12.309224128723145,13.62473964691162,133.92955780029297,-102.90216064453124,,,,,,,,,JapanFlux2024,0.18426982228627461
CN-HaM,37.607432,101.332,GRA,0.538,,,20.7,38.5,,,80,,Grassland,146.51612854003906,37.72328186035156,-76.80928039550781,10.03148078918457,-2.7147216796875,55.139984130859375,125.58928680419922,46.939483642578125,216.85494995117188,13.210620880126951,31.33707046508789,80.37884521484375,65.7344741821289,16.608963012695312,242.65985107421875,16.38364028930664,-59.85480880737305,34.48289108276367,25.804906845092773,8.543978691101074,-34.04990005493164,28.87352752685547,69.70684814453125,-72.42156982421875,,,,,,,,,JapanFlux2024,0.8844129884397829
JP-Tgf,36.11353,140.09488,GRA,0.213,,,13.2,61.7,,,29,,Grassland,147.88009643554688,40.72825241088867,-54.20696640014648,17.943078994750977,-2.914791822433472,68.2332992553711,114.99618530273438,41.57047271728516,231.49044799804688,10.432100296020508,23.28913307189941,84.25458526611328,54.235260009765625,13.962777137756348,266.0507202148437,12.936217308044434,-60.76091766357422,30.846105575561523,34.56025314331055,12.725062370300291,-26.200664520263672,20.66098976135254,93.6731300354004,-96.58792185783386,,,,,,,,,JapanFlux2024,0.42464610243539175
MN-Kbu,47.213972,108.737333,GRA,2.153,,,40.4,18.7,,,35,,Grassland,134.135009765625,71.60045623779297,-78.29663848876953,17.655277252197266,-24.841127395629883,81.24847412109375,103.19095611572266,36.05978775024414,219.00408935546875,22.09226417541504,-17.81712532043457,93.8497314453125,76.53675842285156,19.676179885864254,238.63156127929688,29.757137298583984,-26.654197692871094,23.651498794555664,19.62746810913086,10.036773681640623,-7.026729583740234,15.281820297241213,55.83837127685547,-80.67949867248535,,,,,,,,,JapanFlux2024,0.37576094030696444
JP-BBY,43.32296,141.81079,WET (Permanent Wetlands),0.262,,,12.0,46.0,,,45,,Other,118.45230102539062,62.66010665893555,-48.67742919921875,9.073060989379885,-27.82015609741211,80.06267547607422,121.45157623291016,33.26375961303711,221.4771423339844,17.759632110595703,3.814575672149658,105.0335693359375,53.24357986450195,17.867385864257812,258.0473022460937,18.082094192504883,-68.20799255371094,28.841102600097656,36.57017135620117,7.524603366851807,-31.637819290161133,29.867477416992188,69.77487182617188,-97.59502792358398,,,,,,,,,JapanFlux2024,0.6877786802208942
ID-PaB,-2.340796,114.0379,OSH,0.295,,,26.5,89.9,,,138,,Shrubland,179.54705810546875,11.268412590026855,-30.55918312072754,5.099905967712402,72.82109832763672,24.17917251586914,125.86884307861328,19.538434982299805,216.6266326904297,24.34011459350586,67.59915161132812,20.723957061767575,71.02460479736328,8.729695320129395,276.69366455078125,5.623262405395508,-54.844234466552734,17.852102279663086,60.06703186035156,21.268293380737305,5.222799777984619,11.439635276794434,148.9878749847412,-76.16677665710449,,,,,,,,,JapanFlux2024,0.058095659376914556
JP-Om1,34.547177,135.502861,URB,1.73,,,37.7,21.8,,,95,,Urban,146.20860290527344,42.313602447509766,-47.06000518798828,9.88831615447998,-2.284029483795166,66.96064758300781,120.89501190185548,35.759300231933594,232.3876953125,11.918113708496094,31.57041549682617,78.99555969238281,51.87090301513672,13.260231018066406,267.5593566894531,14.28192901611328,-69.02411651611328,26.70082664489746,35.17164993286133,12.632156372070312,-33.85246658325195,17.829166412353516,99.14859771728516,-101.43262720108032,,,,,,,,,JapanFlux2024,1.5528654395987134
JP-KaL,36.037778,140.404167,WAT,0.351,,,20.9,59.6,,,139,,Water,147.88009643554688,40.72825241088867,-54.20696640014648,17.943078994750977,-2.914791822433472,68.2332992553711,114.99618530273438,41.57047271728516,231.49044799804688,10.432100296020508,23.28913307189941,84.25458526611328,54.235260009765625,13.962777137756348,266.0507202148437,12.936217308044434,-60.76091766357422,30.846105575561523,34.56025314331055,12.725062370300291,-26.200664520263672,20.66098976135254,93.6731300354004,-96.58792185783386,,,,,,,,,JapanFlux2024,0.43960846510509516
